,index,mu_driver_birth,s_driver_birth
1,00000000b,1e-05,0.05
2,00000000bb,1e-05,0.05
3,00000001b,1e-05,0.05
4,00000001bb,1e-05,0.05
5,00000002b,1e-05,0.05
6,00000002bb,1e-05,0.05
7,00000003b,1e-05,0.05
8,00000003bb,1e-05,0.05
9,00000004b,1e-05,0.05
10,00000004bb,1e-05,0.05
11,00000005b,1e-05,0.05
12,00000005bb,1e-05,0.05
13,00000006b,1e-05,0.05
14,00000006bb,1e-05,0.05
15,00000007b,1e-05,0.05
16,00000007bb,1e-05,0.05
17,00000008b,1e-05,0.05
18,00000008bb,1e-05,0.05
19,00000009b,1e-05,0.05
20,00000009bb,1e-05,0.05
21,0000000bb,1e-05,0.05
22,0000000bbb,1e-05,0.05
23,0000000Bb,1e-05,0.05
24,0000000Bbb,1e-05,0.05
25,0000000Cb,1e-05,0.05
26,0000000Cbb,1e-05,0.05
27,0000000Db,1e-05,0.05
28,0000000Dbb,1e-05,0.05
29,0000000Eb,1e-05,0.05
30,0000000Ebb,1e-05,0.05
31,0000000Fb,1e-05,0.05
32,0000000Fbb,1e-05,0.05
33,00000010b,1e-05,0.05
34,00000010bb,1e-05,0.05
35,00000011b,1e-05,0.05
36,00000011bb,1e-05,0.05
37,00000012b,1e-05,0.05
38,00000012bb,1e-05,0.05
39,00000013b,1e-05,0.05
40,00000013bb,1e-05,0.05
41,00000014b,1e-05,0.05
42,00000014bb,1e-05,0.05
43,00000015b,1e-05,0.05
44,00000015bb,1e-05,0.05
45,00000016b,1e-05,0.05
46,00000016bb,1e-05,0.05
47,00000017b,1e-05,0.05
48,00000017bb,1e-05,0.05
49,00000018b,1e-05,0.05
50,00000018bb,1e-05,0.05
51,00000019b,1e-05,0.05
52,00000019bb,1e-05,0.05
53,0000001bb,1e-05,0.05
54,0000001bbb,1e-05,0.05
55,0000001Bb,1e-05,0.05
56,0000001Bbb,1e-05,0.05
57,0000001Cb,1e-05,0.05
58,0000001Cbb,1e-05,0.05
59,0000001Db,1e-05,0.05
60,0000001Dbb,1e-05,0.05
61,0000001Eb,1e-05,0.05
62,0000001Ebb,1e-05,0.05
63,0000001Fb,1e-05,0.05
64,0000001Fbb,1e-05,0.05
65,00000020b,1e-05,0.05
66,00000020bb,1e-05,0.05
67,00000021b,1e-05,0.05
68,00000021bb,1e-05,0.05
69,00000022b,1e-05,0.05
70,00000022bb,1e-05,0.05
71,00000023b,1e-05,0.05
72,00000023bb,1e-05,0.05
73,00000024b,1e-05,0.05
74,00000024bb,1e-05,0.05
75,00000025b,1e-05,0.05
76,00000025bb,1e-05,0.05
77,00000026b,1e-05,0.05
78,00000026bb,1e-05,0.05
79,00000027b,1e-05,0.05
80,00000027bb,1e-05,0.05
81,00000028b,1e-05,0.05
82,00000028bb,1e-05,0.05
83,00000029b,1e-05,0.05
84,00000029bb,1e-05,0.05
85,0000002bb,1e-05,0.05
86,0000002bbb,1e-05,0.05
87,0000002Bb,1e-05,0.05
88,0000002Bbb,1e-05,0.05
89,0000002Cb,1e-05,0.05
90,0000002Cbb,1e-05,0.05
91,0000002Db,1e-05,0.05
92,0000002Dbb,1e-05,0.05
93,0000002Eb,1e-05,0.05
94,0000002Ebb,1e-05,0.05
95,0000002Fb,1e-05,0.05
96,0000002Fbb,1e-05,0.05
97,00000030b,1e-05,0.05
98,00000030bb,1e-05,0.05
99,00000031b,1e-05,0.05
100,00000031bb,1e-05,0.05
101,00000032b,1e-05,0.05
102,00000032bb,1e-05,0.05
103,00000033b,1e-05,0.05
104,00000033bb,1e-05,0.05
105,00000034b,1e-05,0.05
106,00000034bb,1e-05,0.05
107,00000035b,1e-05,0.05
108,00000035bb,1e-05,0.05
109,00000036b,1e-05,0.05
110,00000036bb,1e-05,0.05
111,00000037b,1e-05,0.05
112,00000037bb,1e-05,0.05
113,00000038b,1e-05,0.05
114,00000038bb,1e-05,0.05
115,00000039b,1e-05,0.05
116,00000039bb,1e-05,0.05
117,0000003bb,1e-05,0.05
118,0000003bbb,1e-05,0.05
119,0000003Bb,1e-05,0.05
120,0000003Bbb,1e-05,0.05
121,0000003Cb,1e-05,0.05
122,0000003Cbb,1e-05,0.05
123,0000003Db,1e-05,0.05
124,0000003Dbb,1e-05,0.05
125,0000003Eb,1e-05,0.05
126,0000003Ebb,1e-05,0.05
127,0000003Fb,1e-05,0.05
128,0000003Fbb,1e-05,0.05
129,00000040b,1e-05,0.05
130,00000040bb,1e-05,0.05
131,00000041b,1e-05,0.05
132,00000041bb,1e-05,0.05
133,00000042b,1e-05,0.05
134,00000042bb,1e-05,0.05
135,00000043b,1e-05,0.05
136,00000043bb,1e-05,0.05
137,00000044b,1e-05,0.05
138,00000044bb,1e-05,0.05
139,00000045b,1e-05,0.05
140,00000045bb,1e-05,0.05
141,00000046b,1e-05,0.05
142,00000046bb,1e-05,0.05
143,00000047b,1e-05,0.05
144,00000047bb,1e-05,0.05
145,00000048b,1e-05,0.05
146,00000048bb,1e-05,0.05
147,00000049b,1e-05,0.05
148,00000049bb,1e-05,0.05
149,0000004bb,1e-05,0.05
150,0000004bbb,1e-05,0.05
151,0000004Bb,1e-05,0.05
152,0000004Bbb,1e-05,0.05
153,0000004Cb,1e-05,0.05
154,0000004Cbb,1e-05,0.05
155,0000004Db,1e-05,0.05
156,0000004Dbb,1e-05,0.05
157,0000004Eb,1e-05,0.05
158,0000004Ebb,1e-05,0.05
159,0000004Fb,1e-05,0.05
160,0000004Fbb,1e-05,0.05
161,00000050b,1e-05,0.05
162,00000050bb,1e-05,0.05
163,00000051b,1e-05,0.05
164,00000051bb,1e-05,0.05
165,00000052b,1e-05,0.05
166,00000052bb,1e-05,0.05
167,00000053b,1e-05,0.05
168,00000053bb,1e-05,0.05
169,00000054b,1e-05,0.05
170,00000054bb,1e-05,0.05
171,00000055b,1e-05,0.05
172,00000055bb,1e-05,0.05
173,00000056b,1e-05,0.05
174,00000056bb,1e-05,0.05
175,00000057b,1e-05,0.05
176,00000057bb,1e-05,0.05
177,00000058b,1e-05,0.05
178,00000058bb,1e-05,0.05
179,00000059b,1e-05,0.05
180,00000059bb,1e-05,0.05
181,0000005bb,1e-05,0.05
182,0000005bbb,1e-05,0.05
183,0000005Bb,1e-05,0.05
184,0000005Bbb,1e-05,0.05
185,0000005Cb,1e-05,0.05
186,0000005Cbb,1e-05,0.05
187,0000005Db,1e-05,0.05
188,0000005Dbb,1e-05,0.05
189,0000005Eb,1e-05,0.05
190,0000005Ebb,1e-05,0.05
191,0000005Fb,1e-05,0.05
192,0000005Fbb,1e-05,0.05
193,00000060b,1e-05,0.05
194,00000060bb,1e-05,0.05
195,00000061b,1e-05,0.05
196,00000061bb,1e-05,0.05
197,00000062b,1e-05,0.05
198,00000062bb,1e-05,0.05
199,00000063b,1e-05,0.05
200,00000063bb,1e-05,0.05
201,00000064b,1e-05,0.05
202,00000064bb,1e-05,0.05
203,00000065b,1e-05,0.05
204,00000065bb,1e-05,0.05
205,00000066b,1e-05,0.05
206,00000066bb,1e-05,0.05
207,00000067b,1e-05,0.05
208,00000067bb,1e-05,0.05
209,00000068b,1e-05,0.05
210,00000068bb,1e-05,0.05
211,00000069b,1e-05,0.05
212,00000069bb,1e-05,0.05
213,0000006bb,1e-05,0.05
214,0000006bbb,1e-05,0.05
215,0000006Bb,1e-05,0.05
216,0000006Bbb,1e-05,0.05
217,0000006Cb,1e-05,0.05
218,0000006Cbb,1e-05,0.05
219,0000006Db,1e-05,0.05
220,0000006Dbb,1e-05,0.05
221,0000006Eb,1e-05,0.05
222,0000006Ebb,1e-05,0.05
223,0000006Fb,1e-05,0.05
224,0000006Fbb,1e-05,0.05
225,00000070b,1e-05,0.05
226,00000070bb,1e-05,0.05
227,00000071b,1e-05,0.05
228,00000071bb,1e-05,0.05
229,00000072b,1e-05,0.05
230,00000072bb,1e-05,0.05
231,00000073b,1e-05,0.05
232,00000073bb,1e-05,0.05
233,00000074b,1e-05,0.05
234,00000074bb,1e-05,0.05
235,00000075b,1e-05,0.05
236,00000075bb,1e-05,0.05
237,00000076b,1e-05,0.05
238,00000076bb,1e-05,0.05
239,00000077b,1e-05,0.05
240,00000077bb,1e-05,0.05
241,00000078b,1e-05,0.05
242,00000078bb,1e-05,0.05
243,00000079b,1e-05,0.05
244,00000079bb,1e-05,0.05
245,0000007bb,1e-05,0.05
246,0000007bbb,1e-05,0.05
247,0000007Bb,1e-05,0.05
248,0000007Bbb,1e-05,0.05
249,0000007Cb,1e-05,0.05
250,0000007Cbb,1e-05,0.05
251,0000007Db,1e-05,0.05
252,0000007Dbb,1e-05,0.05
253,0000007Eb,1e-05,0.05
254,0000007Ebb,1e-05,0.05
255,0000007Fb,1e-05,0.05
256,0000007Fbb,1e-05,0.05
257,00000080b,1e-05,0.05
258,00000080bb,1e-05,0.05
259,00000081b,1e-05,0.05
260,00000081bb,1e-05,0.05
261,00000082b,1e-05,0.05
262,00000082bb,1e-05,0.05
263,00000083b,1e-05,0.05
264,00000083bb,1e-05,0.05
265,00000084b,1e-05,0.05
266,00000084bb,1e-05,0.05
267,00000085b,1e-05,0.05
268,00000085bb,1e-05,0.05
269,00000086b,1e-05,0.05
270,00000086bb,1e-05,0.05
271,00000087b,1e-05,0.05
272,00000087bb,1e-05,0.05
273,00000088b,1e-05,0.05
274,00000088bb,1e-05,0.05
275,00000089b,1e-05,0.05
276,00000089bb,1e-05,0.05
277,0000008bb,1e-05,0.05
278,0000008bbb,1e-05,0.05
279,0000008Bb,1e-05,0.05
280,0000008Bbb,1e-05,0.05
281,0000008Cb,1e-05,0.05
282,0000008Cbb,1e-05,0.05
283,0000008Db,1e-05,0.05
284,0000008Dbb,1e-05,0.05
285,0000008Eb,1e-05,0.05
286,0000008Ebb,1e-05,0.05
287,0000008Fb,1e-05,0.05
288,0000008Fbb,1e-05,0.05
289,00000090b,1e-05,0.05
290,00000090bb,1e-05,0.05
291,00000091b,1e-05,0.05
292,00000091bb,1e-05,0.05
293,00000092b,1e-05,0.05
294,00000092bb,1e-05,0.05
295,00000093b,1e-05,0.05
296,00000093bb,1e-05,0.05
297,00000094b,1e-05,0.05
298,00000094bb,1e-05,0.05
299,00000095b,1e-05,0.05
300,00000095bb,1e-05,0.05
301,00000096b,1e-05,0.05
302,00000096bb,1e-05,0.05
303,00000097b,1e-05,0.05
304,00000097bb,1e-05,0.05
305,00000098b,1e-05,0.05
306,00000098bb,1e-05,0.05
307,00000099b,1e-05,0.05
308,00000099bb,1e-05,0.05
309,0000009bb,1e-05,0.05
310,0000009bbb,1e-05,0.05
311,0000009Bb,1e-05,0.05
312,0000009Bbb,1e-05,0.05
313,0000009Cb,1e-05,0.05
314,0000009Cbb,1e-05,0.05
315,0000009Db,1e-05,0.05
316,0000009Dbb,1e-05,0.05
317,0000009Eb,1e-05,0.05
318,0000009Ebb,1e-05,0.05
319,0000009Fb,1e-05,0.05
320,0000009Fbb,1e-05,0.05
321,000000b0b,1e-05,0.05
322,000000b0bb,1e-05,0.05
323,000000b1b,1e-05,0.05
324,000000b1bb,1e-05,0.05
325,000000b2b,1e-05,0.05
326,000000b2bb,1e-05,0.05
327,000000b3b,1e-05,0.05
328,000000b3bb,1e-05,0.05
329,000000b4b,1e-05,0.05
330,000000b4bb,1e-05,0.05
331,000000b5b,1e-05,0.05
332,000000b5bb,1e-05,0.05
333,000000b6b,1e-05,0.05
334,000000b6bb,1e-05,0.05
335,000000b7b,1e-05,0.05
336,000000b7bb,1e-05,0.05
337,000000b8b,1e-05,0.05
338,000000b8bb,1e-05,0.05
339,000000b9b,1e-05,0.05
340,000000b9bb,1e-05,0.05
341,000000bbb,1e-05,0.05
342,000000bbbb,1e-05,0.05
343,000000bBb,1e-05,0.05
344,000000bBbb,1e-05,0.05
345,000000bCb,1e-05,0.05
346,000000bCbb,1e-05,0.05
347,000000bDb,1e-05,0.05
348,000000bDbb,1e-05,0.05
349,000000bEb,1e-05,0.05
350,000000bEbb,1e-05,0.05
351,000000bFb,1e-05,0.05
352,000000bFbb,1e-05,0.05
353,000000B0b,1e-05,0.05
354,000000B0bb,1e-05,0.05
355,000000B1b,1e-05,0.05
356,000000B1bb,1e-05,0.05
357,000000B2b,1e-05,0.05
358,000000B2bb,1e-05,0.05
359,000000B3b,1e-05,0.05
360,000000B3bb,1e-05,0.05
361,000000B4b,1e-05,0.05
362,000000B4bb,1e-05,0.05
363,000000B5b,1e-05,0.05
364,000000B5bb,1e-05,0.05
365,000000B6b,1e-05,0.05
366,000000B6bb,1e-05,0.05
367,000000B7b,1e-05,0.05
368,000000B7bb,1e-05,0.05
369,000000B8b,1e-05,0.05
370,000000B8bb,1e-05,0.05
371,000000B9b,1e-05,0.05
372,000000B9bb,1e-05,0.05
373,000000Bbb,1e-05,0.05
374,000000Bbbb,1e-05,0.05
375,000000BBb,1e-05,0.05
376,000000BBbb,1e-05,0.05
377,000000BCb,1e-05,0.05
378,000000BCbb,1e-05,0.05
379,000000BDb,1e-05,0.05
380,000000BDbb,1e-05,0.05
381,000000BEb,1e-05,0.05
382,000000BEbb,1e-05,0.05
383,000000BFb,1e-05,0.05
384,000000BFbb,1e-05,0.05
385,000000C0b,1e-05,0.05
386,000000C0bb,1e-05,0.05
387,000000C1b,1e-05,0.05
388,000000C1bb,1e-05,0.05
389,000000C2b,1e-05,0.05
390,000000C2bb,1e-05,0.05
391,000000C3b,1e-05,0.05
392,000000C3bb,1e-05,0.05
393,000000C4b,1e-05,0.05
394,000000C4bb,1e-05,0.05
395,000000C5b,1e-05,0.05
396,000000C5bb,1e-05,0.05
397,000000C6b,1e-05,0.05
398,000000C6bb,1e-05,0.05
399,000000C7b,1e-05,0.05
400,000000C7bb,1e-05,0.05
401,000000C8b,1e-05,0.05
402,000000C8bb,1e-05,0.05
403,000000C9b,1e-05,0.05
404,000000C9bb,1e-05,0.05
405,000000Cbb,1e-05,0.05
406,000000Cbbb,1e-05,0.05
407,000000CBb,1e-05,0.05
408,000000CBbb,1e-05,0.05
409,000000CCb,1e-05,0.05
410,000000CCbb,1e-05,0.05
411,000000CDb,1e-05,0.05
412,000000CDbb,1e-05,0.05
413,000000CEb,1e-05,0.05
414,000000CEbb,1e-05,0.05
415,000000CFb,1e-05,0.05
416,000000CFbb,1e-05,0.05
417,000000D0b,1e-05,0.05
418,000000D0bb,1e-05,0.05
419,000000D1b,1e-05,0.05
420,000000D1bb,1e-05,0.05
421,000000D2b,1e-05,0.05
422,000000D2bb,1e-05,0.05
423,000000D3b,1e-05,0.05
424,000000D3bb,1e-05,0.05
425,000000D4b,1e-05,0.05
426,000000D4bb,1e-05,0.05
427,000000D5b,1e-05,0.05
428,000000D5bb,1e-05,0.05
429,000000D6b,1e-05,0.05
430,000000D6bb,1e-05,0.05
431,000000D7b,1e-05,0.05
432,000000D7bb,1e-05,0.05
433,000000D8b,1e-05,0.05
434,000000D8bb,1e-05,0.05
435,000000D9b,1e-05,0.05
436,000000D9bb,1e-05,0.05
437,000000Dbb,1e-05,0.05
438,000000Dbbb,1e-05,0.05
439,000000DBb,1e-05,0.05
440,000000DBbb,1e-05,0.05
441,000000DCb,1e-05,0.05
442,000000DCbb,1e-05,0.05
443,000000DDb,1e-05,0.05
444,000000DDbb,1e-05,0.05
445,000000DEb,1e-05,0.05
446,000000DEbb,1e-05,0.05
447,000000DFb,1e-05,0.05
448,000000DFbb,1e-05,0.05
449,000000E0b,1e-05,0.05
450,000000E0bb,1e-05,0.05
451,000000E1b,1e-05,0.05
452,000000E1bb,1e-05,0.05
453,000000E2b,1e-05,0.05
454,000000E2bb,1e-05,0.05
455,000000E3b,1e-05,0.05
456,000000E3bb,1e-05,0.05
457,000000E4b,1e-05,0.05
458,000000E4bb,1e-05,0.05
459,000000E5b,1e-05,0.05
460,000000E5bb,1e-05,0.05
461,000000E6b,1e-05,0.05
462,000000E6bb,1e-05,0.05
463,000000E7b,1e-05,0.05
464,000000E7bb,1e-05,0.05
465,000000E8b,1e-05,0.05
466,000000E8bb,1e-05,0.05
467,000000E9b,1e-05,0.05
468,000000E9bb,1e-05,0.05
469,000000Ebb,1e-05,0.05
470,000000Ebbb,1e-05,0.05
471,000000EBb,1e-05,0.05
472,000000EBbb,1e-05,0.05
473,000000ECb,1e-05,0.05
474,000000ECbb,1e-05,0.05
475,000000EDb,1e-05,0.05
476,000000EDbb,1e-05,0.05
477,000000EEb,1e-05,0.05
478,000000EEbb,1e-05,0.05
479,000000EFb,1e-05,0.05
480,000000EFbb,1e-05,0.05
481,000000F0b,1e-05,0.05
482,000000F0bb,1e-05,0.05
483,000000F1b,1e-05,0.05
484,000000F1bb,1e-05,0.05
485,000000F2b,1e-05,0.05
486,000000F2bb,1e-05,0.05
487,000000F3b,1e-05,0.05
488,000000F3bb,1e-05,0.05
489,000000F4b,1e-05,0.05
490,000000F4bb,1e-05,0.05
491,000000F5b,1e-05,0.05
492,000000F5bb,1e-05,0.05
493,000000F6b,1e-05,0.05
494,000000F6bb,1e-05,0.05
495,000000F7b,1e-05,0.05
496,000000F7bb,1e-05,0.05
497,000000F8b,1e-05,0.05
498,000000F8bb,1e-05,0.05
499,000000F9b,1e-05,0.05
500,000000F9bb,1e-05,0.05
501,000000Fbb,1e-05,0.05
502,000000Fbbb,1e-05,0.05
503,000000FBb,1e-05,0.05
504,000000FBbb,1e-05,0.05
505,000000FCb,1e-05,0.05
506,000000FCbb,1e-05,0.05
507,000000FDb,1e-05,0.05
508,000000FDbb,1e-05,0.05
509,000000FEb,1e-05,0.05
510,000000FEbb,1e-05,0.05
511,000000FFb,1e-05,0.05
512,000000FFbb,1e-05,0.05
513,00000100b,1e-05,0.05
514,00000100bb,1e-05,0.05
515,00000101b,1e-05,0.05
516,00000101bb,1e-05,0.05
517,00000102b,1e-05,0.05
518,00000102bb,1e-05,0.05
519,00000103b,1e-05,0.05
520,00000103bb,1e-05,0.05
521,00000104b,1e-05,0.05
522,00000104bb,1e-05,0.05
523,00000105b,1e-05,0.05
524,00000105bb,1e-05,0.05
525,00000106b,1e-05,0.05
526,00000106bb,1e-05,0.05
527,00000107b,1e-05,0.05
528,00000107bb,1e-05,0.05
529,00000108b,1e-05,0.05
530,00000108bb,1e-05,0.05
531,00000109b,1e-05,0.05
532,00000109bb,1e-05,0.05
533,0000010bb,1e-05,0.05
534,0000010bbb,1e-05,0.05
535,0000010Bb,1e-05,0.05
536,0000010Bbb,1e-05,0.05
537,0000010Cb,1e-05,0.05
538,0000010Cbb,1e-05,0.05
539,0000010Db,1e-05,0.05
540,0000010Dbb,1e-05,0.05
541,0000010Eb,1e-05,0.05
542,0000010Ebb,1e-05,0.05
543,0000010Fb,1e-05,0.05
544,0000010Fbb,1e-05,0.05
545,00000110b,1e-05,0.05
546,00000110bb,1e-05,0.05
547,00000111b,1e-05,0.05
548,00000111bb,1e-05,0.05
549,00000112b,1e-05,0.05
550,00000112bb,1e-05,0.05
551,00000113b,1e-05,0.05
552,00000113bb,1e-05,0.05
553,00000114b,1e-05,0.05
554,00000114bb,1e-05,0.05
555,00000115b,1e-05,0.05
556,00000115bb,1e-05,0.05
557,00000116b,1e-05,0.05
558,00000116bb,1e-05,0.05
559,00000117b,1e-05,0.05
560,00000117bb,1e-05,0.05
561,00000118b,1e-05,0.05
562,00000118bb,1e-05,0.05
563,00000119b,1e-05,0.05
564,00000119bb,1e-05,0.05
565,0000011bb,1e-05,0.05
566,0000011bbb,1e-05,0.05
567,0000011Bb,1e-05,0.05
568,0000011Bbb,1e-05,0.05
569,0000011Cb,1e-05,0.05
570,0000011Cbb,1e-05,0.05
571,0000011Db,1e-05,0.05
572,0000011Dbb,1e-05,0.05
573,0000011Eb,1e-05,0.05
574,0000011Ebb,1e-05,0.05
575,0000011Fb,1e-05,0.05
576,0000011Fbb,1e-05,0.05
577,00000120b,1e-05,0.05
578,00000120bb,1e-05,0.05
579,00000121b,1e-05,0.05
580,00000121bb,1e-05,0.05
581,00000122b,1e-05,0.05
582,00000122bb,1e-05,0.05
583,00000123b,1e-05,0.05
584,00000123bb,1e-05,0.05
585,00000124b,1e-05,0.05
586,00000124bb,1e-05,0.05
587,00000125b,1e-05,0.05
588,00000125bb,1e-05,0.05
589,00000126b,1e-05,0.05
590,00000126bb,1e-05,0.05
591,00000127b,1e-05,0.05
592,00000127bb,1e-05,0.05
593,00000128b,1e-05,0.05
594,00000128bb,1e-05,0.05
595,00000129b,1e-05,0.05
596,00000129bb,1e-05,0.05
597,0000012bb,1e-05,0.05
598,0000012bbb,1e-05,0.05
599,0000012Bb,1e-05,0.05
600,0000012Bbb,1e-05,0.05
601,0000012Cb,1e-05,0.05
602,0000012Cbb,1e-05,0.05
603,0000012Db,1e-05,0.05
604,0000012Dbb,1e-05,0.05
605,0000012Eb,1e-05,0.05
606,0000012Ebb,1e-05,0.05
607,0000012Fb,1e-05,0.05
608,0000012Fbb,1e-05,0.05
609,00000130b,1e-05,0.05
610,00000130bb,1e-05,0.05
611,00000131b,1e-05,0.05
612,00000131bb,1e-05,0.05
613,00000132b,1e-05,0.05
614,00000132bb,1e-05,0.05
615,00000133b,1e-05,0.05
616,00000133bb,1e-05,0.05
617,00000134b,1e-05,0.05
618,00000134bb,1e-05,0.05
619,00000135b,1e-05,0.05
620,00000135bb,1e-05,0.05
621,00000136b,1e-05,0.05
622,00000136bb,1e-05,0.05
623,00000137b,1e-05,0.05
624,00000137bb,1e-05,0.05
625,00000138b,1e-05,0.05
626,00000138bb,1e-05,0.05
627,00000139b,1e-05,0.05
628,00000139bb,1e-05,0.05
629,0000013bb,1e-05,0.05
630,0000013bbb,1e-05,0.05
631,0000013Bb,1e-05,0.05
632,0000013Bbb,1e-05,0.05
633,0000013Cb,1e-05,0.05
634,0000013Cbb,1e-05,0.05
635,0000013Db,1e-05,0.05
636,0000013Dbb,1e-05,0.05
637,0000013Eb,1e-05,0.05
638,0000013Ebb,1e-05,0.05
639,0000013Fb,1e-05,0.05
640,0000013Fbb,1e-05,0.05
641,00000140b,1e-05,0.05
642,00000140bb,1e-05,0.05
643,00000141b,1e-05,0.05
644,00000141bb,1e-05,0.05
645,00000142b,1e-05,0.05
646,00000142bb,1e-05,0.05
647,00000143b,1e-05,0.05
648,00000143bb,1e-05,0.05
649,00000144b,1e-05,0.05
650,00000144bb,1e-05,0.05
651,00000145b,1e-05,0.05
652,00000145bb,1e-05,0.05
653,00000146b,1e-05,0.05
654,00000146bb,1e-05,0.05
655,00000147b,1e-05,0.05
656,00000147bb,1e-05,0.05
657,00000148b,1e-05,0.05
658,00000148bb,1e-05,0.05
659,00000149b,1e-05,0.05
660,00000149bb,1e-05,0.05
661,0000014bb,1e-05,0.05
662,0000014bbb,1e-05,0.05
663,0000014Bb,1e-05,0.05
664,0000014Bbb,1e-05,0.05
665,0000014Cb,1e-05,0.05
666,0000014Cbb,1e-05,0.05
667,0000014Db,1e-05,0.05
668,0000014Dbb,1e-05,0.05
669,0000014Eb,1e-05,0.05
670,0000014Ebb,1e-05,0.05
671,0000014Fb,1e-05,0.05
672,0000014Fbb,1e-05,0.05
673,00000150b,1e-05,0.05
674,00000150bb,1e-05,0.05
675,00000151b,1e-05,0.05
676,00000151bb,1e-05,0.05
677,00000152b,1e-05,0.05
678,00000152bb,1e-05,0.05
679,00000153b,1e-05,0.05
680,00000153bb,1e-05,0.05
681,00000154b,1e-05,0.05
682,00000154bb,1e-05,0.05
683,00000155b,1e-05,0.05
684,00000155bb,1e-05,0.05
685,00000156b,1e-05,0.05
686,00000156bb,1e-05,0.05
687,00000157b,1e-05,0.05
688,00000157bb,1e-05,0.05
689,00000158b,1e-05,0.05
690,00000158bb,1e-05,0.05
691,00000159b,1e-05,0.05
692,00000159bb,1e-05,0.05
693,0000015bb,1e-05,0.05
694,0000015bbb,1e-05,0.05
695,0000015Bb,1e-05,0.05
696,0000015Bbb,1e-05,0.05
697,0000015Cb,1e-05,0.05
698,0000015Cbb,1e-05,0.05
699,0000015Db,1e-05,0.05
700,0000015Dbb,1e-05,0.05
701,0000015Eb,1e-05,0.05
702,0000015Ebb,1e-05,0.05
703,0000015Fb,1e-05,0.05
704,0000015Fbb,1e-05,0.05
705,00000160b,1e-05,0.05
706,00000160bb,1e-05,0.05
707,00000161b,1e-05,0.05
708,00000161bb,1e-05,0.05
709,00000162b,1e-05,0.05
710,00000162bb,1e-05,0.05
711,00000163b,1e-05,0.05
712,00000163bb,1e-05,0.05
713,00000164b,1e-05,0.05
714,00000164bb,1e-05,0.05
715,00000165b,1e-05,0.05
716,00000165bb,1e-05,0.05
717,00000166b,1e-05,0.05
718,00000166bb,1e-05,0.05
719,00000167b,1e-05,0.05
720,00000167bb,1e-05,0.05
721,00000168b,1e-05,0.05
722,00000168bb,1e-05,0.05
723,00000169b,1e-05,0.05
724,00000169bb,1e-05,0.05
725,0000016bb,1e-05,0.05
726,0000016bbb,1e-05,0.05
727,0000016Bb,1e-05,0.05
728,0000016Bbb,1e-05,0.05
729,0000016Cb,1e-05,0.05
730,0000016Cbb,1e-05,0.05
731,0000016Db,1e-05,0.05
732,0000016Dbb,1e-05,0.05
733,0000016Eb,1e-05,0.05
734,0000016Ebb,1e-05,0.05
735,0000016Fb,1e-05,0.05
736,0000016Fbb,1e-05,0.05
737,00000170b,1e-05,0.05
738,00000170bb,1e-05,0.05
739,00000171b,1e-05,0.05
740,00000171bb,1e-05,0.05
741,00000172b,1e-05,0.05
742,00000172bb,1e-05,0.05
743,00000173b,1e-05,0.05
744,00000173bb,1e-05,0.05
745,00000174b,1e-05,0.05
746,00000174bb,1e-05,0.05
747,00000175b,1e-05,0.05
748,00000175bb,1e-05,0.05
749,00000176b,1e-05,0.05
750,00000176bb,1e-05,0.05
751,00000177b,1e-05,0.05
752,00000177bb,1e-05,0.05
753,00000178b,1e-05,0.05
754,00000178bb,1e-05,0.05
755,00000179b,1e-05,0.05
756,00000179bb,1e-05,0.05
757,0000017bb,1e-05,0.05
758,0000017bbb,1e-05,0.05
759,0000017Bb,1e-05,0.05
760,0000017Bbb,1e-05,0.05
761,0000017Cb,1e-05,0.05
762,0000017Cbb,1e-05,0.05
763,0000017Db,1e-05,0.05
764,0000017Dbb,1e-05,0.05
765,0000017Eb,1e-05,0.05
766,0000017Ebb,1e-05,0.05
767,0000017Fb,1e-05,0.05
768,0000017Fbb,1e-05,0.05
769,00000180b,1e-05,0.05
770,00000180bb,1e-05,0.05
771,00000181b,1e-05,0.05
772,00000181bb,1e-05,0.05
773,00000182b,1e-05,0.05
774,00000182bb,1e-05,0.05
775,00000183b,1e-05,0.05
776,00000183bb,1e-05,0.05
777,00000184b,1e-05,0.05
778,00000184bb,1e-05,0.05
779,00000185b,1e-05,0.05
780,00000185bb,1e-05,0.05
781,00000186b,1e-05,0.05
782,00000186bb,1e-05,0.05
783,00000187b,1e-05,0.05
784,00000187bb,1e-05,0.05
785,00000188b,1e-05,0.05
786,00000188bb,1e-05,0.05
787,00000189b,1e-05,0.05
788,00000189bb,1e-05,0.05
789,0000018bb,1e-05,0.05
790,0000018bbb,1e-05,0.05
791,0000018Bb,1e-05,0.05
792,0000018Bbb,1e-05,0.05
793,0000018Cb,1e-05,0.05
794,0000018Cbb,1e-05,0.05
795,0000018Db,1e-05,0.05
796,0000018Dbb,1e-05,0.05
797,0000018Eb,1e-05,0.05
798,0000018Ebb,1e-05,0.05
799,0000018Fb,1e-05,0.05
800,0000018Fbb,1e-05,0.05
801,00000190b,1e-05,0.05
802,00000190bb,1e-05,0.05
803,00000191b,1e-05,0.05
804,00000191bb,1e-05,0.05
805,00000192b,1e-05,0.05
806,00000192bb,1e-05,0.05
807,00000193b,1e-05,0.05
808,00000193bb,1e-05,0.05
809,00000194b,1e-05,0.05
810,00000194bb,1e-05,0.05
811,00000195b,1e-05,0.05
812,00000195bb,1e-05,0.05
813,00000196b,1e-05,0.05
814,00000196bb,1e-05,0.05
815,00000197b,1e-05,0.05
816,00000197bb,1e-05,0.05
817,00000198b,1e-05,0.05
818,00000198bb,1e-05,0.05
819,00000199b,1e-05,0.05
820,00000199bb,1e-05,0.05
821,0000019bb,1e-05,0.05
822,0000019bbb,1e-05,0.05
823,0000019Bb,1e-05,0.05
824,0000019Bbb,1e-05,0.05
825,0000019Cb,1e-05,0.05
826,0000019Cbb,1e-05,0.05
827,0000019Db,1e-05,0.05
828,0000019Dbb,1e-05,0.05
829,0000019Eb,1e-05,0.05
830,0000019Ebb,1e-05,0.05
831,0000019Fb,1e-05,0.05
832,0000019Fbb,1e-05,0.05
833,000001b0b,1e-05,0.05
834,000001b0bb,1e-05,0.05
835,000001b1b,1e-05,0.05
836,000001b1bb,1e-05,0.05
837,000001b2b,1e-05,0.05
838,000001b2bb,1e-05,0.05
839,000001b3b,1e-05,0.05
840,000001b3bb,1e-05,0.05
841,000001b4b,1e-05,0.05
842,000001b4bb,1e-05,0.05
843,000001b5b,1e-05,0.05
844,000001b5bb,1e-05,0.05
845,000001b6b,1e-05,0.05
846,000001b6bb,1e-05,0.05
847,000001b7b,1e-05,0.05
848,000001b7bb,1e-05,0.05
849,000001b8b,1e-05,0.05
850,000001b8bb,1e-05,0.05
851,000001b9b,1e-05,0.05
852,000001b9bb,1e-05,0.05
853,000001bbb,1e-05,0.05
854,000001bbbb,1e-05,0.05
855,000001bBb,1e-05,0.05
856,000001bBbb,1e-05,0.05
857,000001bCb,1e-05,0.05
858,000001bCbb,1e-05,0.05
859,000001bDb,1e-05,0.05
860,000001bDbb,1e-05,0.05
861,000001bEb,1e-05,0.05
862,000001bEbb,1e-05,0.05
863,000001bFb,1e-05,0.05
864,000001bFbb,1e-05,0.05
865,000001B0b,1e-05,0.05
866,000001B0bb,1e-05,0.05
867,000001B1b,1e-05,0.05
868,000001B1bb,1e-05,0.05
869,000001B2b,1e-05,0.05
870,000001B2bb,1e-05,0.05
871,000001B3b,1e-05,0.05
872,000001B3bb,1e-05,0.05
873,000001B4b,1e-05,0.05
874,000001B4bb,1e-05,0.05
875,000001B5b,1e-05,0.05
876,000001B5bb,1e-05,0.05
877,000001B6b,1e-05,0.05
878,000001B6bb,1e-05,0.05
879,000001B7b,1e-05,0.05
880,000001B7bb,1e-05,0.05
881,000001B8b,1e-05,0.05
882,000001B8bb,1e-05,0.05
883,000001B9b,1e-05,0.05
884,000001B9bb,1e-05,0.05
885,000001Bbb,1e-05,0.05
886,000001Bbbb,1e-05,0.05
887,000001BBb,1e-05,0.05
888,000001BBbb,1e-05,0.05
889,000001BCb,1e-05,0.05
890,000001BCbb,1e-05,0.05
891,000001BDb,1e-05,0.05
892,000001BDbb,1e-05,0.05
893,000001BEb,1e-05,0.05
894,000001BEbb,1e-05,0.05
895,000001BFb,1e-05,0.05
896,000001BFbb,1e-05,0.05
897,000001C0b,1e-05,0.05
898,000001C0bb,1e-05,0.05
899,000001C1b,1e-05,0.05
900,000001C1bb,1e-05,0.05
901,000001C2b,1e-05,0.05
902,000001C2bb,1e-05,0.05
903,000001C3b,1e-05,0.05
904,000001C3bb,1e-05,0.05
905,000001C4b,1e-05,0.05
906,000001C4bb,1e-05,0.05
907,000001C5b,1e-05,0.05
908,000001C5bb,1e-05,0.05
909,000001C6b,1e-05,0.05
910,000001C6bb,1e-05,0.05
911,000001C7b,1e-05,0.05
912,000001C7bb,1e-05,0.05
913,000001C8b,1e-05,0.05
914,000001C8bb,1e-05,0.05
915,000001C9b,1e-05,0.05
916,000001C9bb,1e-05,0.05
917,000001Cbb,1e-05,0.05
918,000001Cbbb,1e-05,0.05
919,000001CBb,1e-05,0.05
920,000001CBbb,1e-05,0.05
921,000001CCb,1e-05,0.05
922,000001CCbb,1e-05,0.05
923,000001CDb,1e-05,0.05
924,000001CDbb,1e-05,0.05
925,000001CEb,1e-05,0.05
926,000001CEbb,1e-05,0.05
927,000001CFb,1e-05,0.05
928,000001CFbb,1e-05,0.05
929,000001D0b,1e-05,0.05
930,000001D0bb,1e-05,0.05
931,000001D1b,1e-05,0.05
932,000001D1bb,1e-05,0.05
933,000001D2b,1e-05,0.05
934,000001D2bb,1e-05,0.05
935,000001D3b,1e-05,0.05
936,000001D3bb,1e-05,0.05
937,000001D4b,1e-05,0.05
938,000001D4bb,1e-05,0.05
939,000001D5b,1e-05,0.05
940,000001D5bb,1e-05,0.05
941,000001D6b,1e-05,0.05
942,000001D6bb,1e-05,0.05
943,000001D7b,1e-05,0.05
944,000001D7bb,1e-05,0.05
945,000001D8b,1e-05,0.05
946,000001D8bb,1e-05,0.05
947,000001D9b,1e-05,0.05
948,000001D9bb,1e-05,0.05
949,000001Dbb,1e-05,0.05
950,000001Dbbb,1e-05,0.05
951,000001DBb,1e-05,0.05
952,000001DBbb,1e-05,0.05
953,000001DCb,1e-05,0.05
954,000001DCbb,1e-05,0.05
955,000001DDb,1e-05,0.05
956,000001DDbb,1e-05,0.05
957,000001DEb,1e-05,0.05
958,000001DEbb,1e-05,0.05
959,000001DFb,1e-05,0.05
960,000001DFbb,1e-05,0.05
961,000001E0b,1e-05,0.05
962,000001E0bb,1e-05,0.05
963,000001E1b,1e-05,0.05
964,000001E1bb,1e-05,0.05
965,000001E2b,1e-05,0.05
966,000001E2bb,1e-05,0.05
967,000001E3b,1e-05,0.05
968,000001E3bb,1e-05,0.05
969,000001E4b,1e-05,0.05
970,000001E4bb,1e-05,0.05
971,000001E5b,1e-05,0.05
972,000001E5bb,1e-05,0.05
973,000001E6b,1e-05,0.05
974,000001E6bb,1e-05,0.05
975,000001E7b,1e-05,0.05
976,000001E7bb,1e-05,0.05
977,000001E8b,1e-05,0.05
978,000001E8bb,1e-05,0.05
979,000001E9b,1e-05,0.05
980,000001E9bb,1e-05,0.05
981,000001Ebb,1e-05,0.05
982,000001Ebbb,1e-05,0.05
983,000001EBb,1e-05,0.05
984,000001EBbb,1e-05,0.05
985,000001ECb,1e-05,0.05
986,000001ECbb,1e-05,0.05
987,000001EDb,1e-05,0.05
988,000001EDbb,1e-05,0.05
989,000001EEb,1e-05,0.05
990,000001EEbb,1e-05,0.05
991,000001EFb,1e-05,0.05
992,000001EFbb,1e-05,0.05
993,000001F0b,1e-05,0.05
994,000001F0bb,1e-05,0.05
995,000001F1b,1e-05,0.05
996,000001F1bb,1e-05,0.05
997,000001F2b,1e-05,0.05
998,000001F2bb,1e-05,0.05
999,000001F3b,1e-05,0.05
1000,000001F3bb,1e-05,0.05