x_val 2D,cond_sweep 2D,x_val 3D,cond_sweep 3D
0.0791704353677763,0.74999997142671+9.50094054479979e-17i,0.0315631089046916,0.937499999806635
0.118755653051664,0.888888779089383+5.57396409292221e-16i,0.0473446633570374,0.999999999018687
0.158340870735553,0.937499730588439+4.30798537292419e-16i,0.0631262178093833,1.00781249694972
0.197926088419441,0.959999466350246-9.04356716928522e-17i,0.0789077722617291,1.00799999263603
0.237511306103329,0.97222129349867+1.18976399149465e-15i,0.0946893267140749,1.00694442928357
0.277096523787217,0.979590355908767+1.96449284238324e-15i,0.110470881166421,1.00583087583556
0.316681741471105,0.984372783858162+7.8681466121338e-16i,0.126252435618767,1.00488276496639
0.356266959154993,0.98765116013555-7.08587567456499e-16i,0.142033990071112,1.00411515037549
0.395852176838881,0.989995658864819+9.87451719990753e-16i,0.157815544523458,1.00349988442142
0.435437394522769,0.991729754022065+1.74771681069582e-15i,0.173597098975804,1.00300509020597
0.475022612206658,0.993048042429046+5.64655068120084e-15i,0.18937865342815,1.00260392755821
0.514607829890546,0.994073283051057-3.34386306085823e-16i,0.205160207880496,1.00227550160262
0.554193047574434,0.99488601766409+3.96419657806209e-15i,0.220941762332841,1.00200393083918
0.593778265258322,0.995540863253791+2.87595497106112e-16i,0.236723316785187,1.00177719516521
0.63336348294221,0.996075914295273+3.61233994331038e-15i,0.252504871237533,1.00158616017518
0.672948700626098,0.996518394487392+5.10576571648987e-15i,0.268286425689879,1.00142383094172
0.712533918309986,0.996888175188188-2.88551823347966e-15i,0.284067980142225,1.00128480145516
0.752119135993874,0.997200033547442+7.04773487808675e-15i,0.29984953459457,1.00116485303559
0.791704353677763,0.99746514105739+9.31900880804578e-15i,0.315631089046916,1.00106066157389
0.831289571361651,0.997692068300384+6.69554355252578e-15i,0.331412643499262,1.00096958311207
0.870874789045539,0.997887477599201+7.81761437474364e-15i,0.347194197951608,1.00088949566017
0.910460006729427,0.998056609640479+5.66497158426229e-15i,0.362975752403954,1.00081868150941
0.950045224413315,0.998203631244183-4.79216266372309e-16i,0.378757306856299,1.00075573888783
0.989630442097203,0.998331887780961+5.85397795955347e-15i,0.394538861308645,1.00069951504122
1.02921565978109,0.998444089008217-4.65018668366129e-15i,0.410320415760991,1.00064905509232
1.06880087746498,0.998542447629382+9.07839944659264e-15i,0.426101970213337,1.00060356261713
1.10838609514887,0.998628783729732+1.20295171978851e-14i,0.441883524665683,1.00056236899385
1.14797131283276,0.998704604729077+1.89744497972763e-14i,0.457665079118029,1.00052490940856
1.18755653051664,0.998771166793935+1.12021995529937e-14i,0.473446633570374,1.00049070389976
1.22714174820053,0.998829522664867+9.66891432994086e-15i,0.48922818802272,1.00045934229131
1.26672696588442,0.998880559189768+1.1909294296247e-14i,0.505009742475066,1.0004304721312
1.30631218356831,0.998925027019588+1.56509564212766e-14i,0.520791296927412,1.00040378897359
1.3458974012522,0.998963564282749+8.81114110014483e-15i,0.536572851379758,1.00037902850069
1.38548261893608,0.998996715593959+8.36818279192529e-15i,0.552354405832103,1.00035596009874
1.42506783661997,0.999024947419698-5.74127867338565e-15i,0.568135960284449,1.00033438159048
1.46465305430386,0.999048660577149+3.46755475128327e-14i,0.583917514736795,1.00031411489312
1.50423827198775,0.999068200461474+1.900746675931e-14i,0.599699069189141,1.00029500242127
1.54382348967164,0.999083865461799+2.40946078454602e-14i,0.615480623641487,1.00027690409249
1.58340870735553,0.999095913910881+2.72434166658544e-14i,0.631262178093833,1.00025969482344
1.62299392503941,0.99910456988675+2.36170197225861e-14i,0.647043732546178,1.00024326242686
1.6625791427233,0.99911002805428+1.9829750636676e-15i,0.662825286998524,1.00022750583814
1.70216436040719,0.99911245771695+1.1656533729596e-15i,0.67860684145087,1.00021233361374
1.74174957809108,0.999112006238301-1.23078281497349e-14i,0.694388395903216,1.00019766265491
1.78133479577497,0.999108801933884+4.31725849423751e-14i,0.710169950355562,1.00018341711913
1.82092001345885,0.999102956527927+1.49178771237192e-14i,0.725951504807907,1.00016952748827
1.86050523114274,0.999094567251876-7.16982034927654e-16i,0.741733059260253,1.00015592976837
1.90009044882663,0.999083718636912-4.75566326834886e-15i,0.757514613712599,1.00014256480021
1.93967566651052,0.999070484052848-1.19083213875587e-14i,0.773296168164945,1.00012937766349
1.97926088419441,0.999054927037106+9.9915957212694e-15i,0.789077722617291,1.00011631716047
2.0188461018783,0.999037102440131+2.29427090920878e-14i,0.804859277069636,1.0001033353671
2.05843131956218,0.999017057427603-1.35094413378835e-15i,0.820640831521982,1.00009038724339
2.09801653724607,0.998994832347292+1.18531834275089e-14i,0.836422385974328,1.00007743029135
2.13760175492996,0.99897046141836+3.89860259389267e-14i,0.852203940426674,1.00006442424669
2.17718697261385,0.998943973473775+3.98260412123244e-14i,0.86798549487902,1.00005133082818
2.21677219029774,0.998915392506578+4.45989742600193e-14i,0.883767049331366,1.00003811350146
2.25635740798162,0.99888473817569+8.97533922717156e-16i,0.899548603783711,1.00002473727483
2.29594262566551,0.998852026251126+3.76560836412907e-14i,0.915330158236057,1.00001116851875
2.3355278433494,0.998817269008861+4.25897507902064e-14i,0.931111712688403,0.999997374805942
2.37511306103329,0.998780475578419+6.59065017278521e-14i,0.946893267140749,0.999983324769348
2.41469827871718,0.998741652250313+4.06009584459721e-14i,0.962674821593095,0.99996898797589
2.45428349640106,0.998700802751647+2.30781591032374e-14i,0.97845637604544,0.999954334813903
2.49386871408495,0.99865792848938+3.13386383950706e-14i,0.994237930497786,0.999939336392655
2.53345393176884,0.998613028766862+1.43315057776538e-14i,1.01001948495013,0.999923964452477
2.57303914945273,0.998566100979615+1.72540182809124e-14i,1.02580103940248,0.999908191284241
2.61262436713662,0.998517140788425+1.88512545029818e-14i,1.04158259385482,0.999891989657112
2.6522095848205,0.9984661422747+5.0389412542452e-14i,1.05736414830717,0.999875332753596
2.69179480250439,0.998413098081609+5.88674639642603e-14i,1.07314570275952,0.999858194111074
2.73138002018828,0.998357999539622+2.27474130751401e-14i,1.08892725721186,0.999840547569093
2.77096523787217,0.998300836776391+3.56204576399921e-14i,1.10470881166421,0.999822367221762
2.81055045555606,0.998241598817042+7.72072104737491e-14i,1.12049036611655,0.999803627374686
2.85013567323995,0.998180273687627+7.96951698516088e-14i,1.1362719205689,0.999784302506047
2.88972089092383,0.998116848493638+4.64808813991495e-14i,1.15205347502124,0.999764367231302
2.92930610860772,0.998051309498739+8.24025639812192e-14i,1.16783502947359,0.999743796271131
2.96889132629161,0.997983642191042+2.15770254412118e-14i,1.18361658392594,0.999722564422309
3.0084765439755,0.997913831346964+1.08358529891393e-13i,1.19939813837828,0.999700646531202
3.04806176165939,0.997841861087614+7.61464892078903e-14i,1.21517969283063,0.99967801746963
3.08764697934327,0.997767714939047+1.05090398726665e-13i,1.23096124728297,0.999654652117427
3.12723219702716,0.997691375879998+4.35343178618968e-14i,1.24674280173532,0.999630525329953
3.16681741471105,0.997612826343901+9.85662534942358e-14i,1.26252435618767,0.999605611929306
3.20640263239494,0.997532048310875+4.60901991793553e-14i,1.27830591064001,0.999579886687332
3.24598785007883,0.997449023325692+9.35512103692477e-14i,1.29408746509236,0.999553324308712
3.28557306776272,0.997363732529941+5.98894205001638e-14i,1.3098690195447,0.999525899416889
3.3251582854466,0.997276156694402+2.38190723585182e-14i,1.32565057399705,0.999497586541154
3.36474350313049,0.997186276246376+5.36412617340902e-14i,1.34143212844939,0.999468360104811
3.40432872081438,0.997094071296085+9.44772593708864e-14i,1.35721368290174,0.999438194414296
3.44391393849827,0.996999521659556+3.24198974196107e-14i,1.37299523735409,0.999407063649194
3.48349915618216,0.996902606878102+2.03254004877847e-14i,1.38877679180643,0.999374941853016
3.52308437386604,0.996803306251098+6.25834667469708e-14i,1.40455834625878,0.999341802924785
3.56266959154993,0.996701598820936+2.94941988570265e-14i,1.42033990071112,0.999307620611265
3.60225480923382,0.996597463457434+9.24682874961271e-14i,1.43612145516347,0.999272368499806
3.64184002691771,0.99649087880625+2.29104594662274e-14i,1.45190300961581,0.999236020011753
3.6814252446016,0.996381823337707+1.16014128350712e-13i,1.46768456406816,0.999198548396374
3.72101046228548,0.996270275354088+6.02542155071449e-14i,1.48346611852051,0.999159926725264
3.76059567996937,0.996156213002157+3.61419966913284e-14i,1.49924767297285,0.999120127887187
3.80018089765326,0.996039614286054+2.21112305998634e-14i,1.5150292274252,0.999079124583327
3.83976611533715,0.995920457077948+1.44362321533587e-14i,1.53081078187754,0.99903688932291
3.87935133302104,0.995798719128232+1.29401557691794e-13i,1.54659233632989,0.998993394419144
3.91893655070493,0.99567437807056+7.15890069487724e-14i,1.56237389078224,0.998948611985502
3.95852176838881,0.99554741143966+1.51238565987126e-13i,1.57815544523458,0.998902513932326
3.9981069860727,0.995417796676952+9.27171722182106e-14i,1.59393699968693,0.998855071963682
4.03769220375659,0.995285511148645+9.79560829596448e-14i,1.60971855413927,0.998806257574474
4.07727742144048,0.995150532113093+6.74782588918654e-14i,1.62550010859162,0.998756042047781
4.11686263912437,0.995012836810844+7.65251933126838e-14i,1.64128166304396,0.998704396456999
4.15644785680825,0.994872402382227+8.33206707653394e-14i,1.65706321749631,0.998651291651273
4.19603307449214,0.994729205921622+3.31356473384674e-14i,1.67284477194866,0.9985966982629
4.23561829217603,0.994583224447933+1.85874237929115e-14i,1.688626326401,0.998540586705312
4.27520350985992,0.994434434978116+1.06822093072766e-14i,1.70440788085335,0.998482927169844
4.31478872754381,0.994282814468131+1.00754739848301e-13i,1.72018943530569,0.998423689624191
4.35437394522769,0.994128339815187-3.28723941929904e-14i,1.73597098975804,0.998362843811005
4.39395916291158,0.993970987931963+6.37627688814279e-15i,1.75175254421039,0.998300359246641
4.43354438059547,0.993810735675834+7.28303485389431e-14i,1.76753409866273,0.998236205220021
4.47312959827936,0.993647559889702+2.25296568803384e-14i,1.78331565311508,0.998170350791626
4.51271481596325,0.993481437399899+5.87079026017555e-14i,1.79909720756742,0.998102764792597
4.55230003364713,0.993312345019477+7.33824157577329e-15i,1.81487876201977,0.998033415823945
4.59188525133102,0.993140259551867+8.13333376779538e-14i,1.83066031647211,0.99796227225587
4.63147046901491,0.992965157773478+6.70269403032378e-14i,1.84644187092446,0.997889302227151
4.6710556866988,0.992787016531264+4.9296534678723e-14i,1.86222342537681,0.997814473644633
4.71064090438269,0.992605812562284+1.32557013885979e-13i,1.87800497982915,0.99773775418284
4.75022612206658,0.992421522666115+8.27359279123032e-14i,1.8937865342815,0.997659111283653
4.78981133975046,0.992234123699422+6.45461804276319e-14i,1.90956808873384,0.997578512156062
4.82939655743435,0.992043592426436+5.15233347381179e-14i,1.92534964318619,0.997495923775984
4.86898177511824,0.991849905682808+2.64959101225722e-14i,1.94113119763854,0.99741131288617
4.90856699280213,0.991653040340253+4.91536994585204e-14i,1.95691275209088,0.997324645996161
4.94815221048602,0.991452973229776+9.53197833658514e-14i,1.97269430654323,0.997235889382315
4.9877374281699,0.991249681237122+1.73072034205256e-13i,1.98847586099557,0.997145009087883
5.02732264585379,0.991043141263783+8.1660581553874e-14i,2.00425741544792,0.997051970923185
5.06690786353768,0.990833330242756+8.33947424898631e-14i,2.02003896990026,0.99695674046583
5.10649308122157,0.990620225110823+1.36048354086503e-13i,2.03582052435261,0.996859283060996
5.14607829890546,0.990403802884212+1.26341781047482e-13i,2.05160207880496,0.996759563826318
5.18566351658935,0.990184040570236+1.79266846947451e-13i,2.0673836332573,0.996657547640006
5.22524873427323,0.989960915216689+2.51608489813238e-13i,2.08316518770965,0.996553199150623
5.26483395195712,0.989734403910505+1.86134980407987e-13i,2.09894674216199,0.996446482777453
5.30441916964101,0.989504483775583+1.44478369796184e-13i,2.11472829661434,0.996337362709496
5.3440043873249,0.989271131974513+7.85757376652341e-14i,2.13050985106668,0.996225802906052
5.38358960500879,0.989034325710229+8.03782913795685e-14i,2.14629140551903,0.996111767097342
5.42317482269267,0.988794042226492+2.48627814864854e-13i,2.16207295997138,0.995995218785169
5.46276004037656,0.988550258812167+1.00295993774485e-13i,2.17785451442372,0.995876121243646
5.50234525806045,0.988302952803263+1.79101747536165e-13i,2.19363606887607,0.995754437519961
5.54193047574434,0.988052101584043+1.68213741040321e-13i,2.20941762332841,0.995630130435187
5.58151569342823,0.987797682588816+1.6345295785331e-13i,2.22519917778076,0.99550316258512
5.62110091111211,0.987539673302151+1.56593416531841e-13i,2.24098073223311,0.995373496341172
5.660686128796,0.987278051262886+1.04718101075281e-13i,2.25676228668545,0.995241093851297
5.70027134647989,0.987012794063258+1.8030845140864e-13i,2.2725438411378,0.99510591704096
5.73985656416378,0.986743879351085+1.46942984096762e-13i,2.28832539559014,0.994967927614147
5.77944178184767,0.986471284828729+1.11365593416309e-13i,2.30410695004249,0.99482708705439
5.81902699953156,0.986194988257431+2.6478889897171e-13i,2.31988850449483,0.994683356625855
5.85861221721544,0.985914967458632+2.4916757977979e-13i,2.33567005894718,0.994536697374491
5.89819743489933,0.985631200319046+1.17978196571734e-13i,2.35145161339953,0.994387070129196
5.93778265258322,0.985343664785077+3.21334360129147e-13i,2.36723316785187,0.994234435503023
5.97736787026711,0.985052338870059+1.39565659463348e-13i,2.38301472230422,0.994078753894424
6.016953087951,0.984757200650878+1.77419951356758e-13i,2.39879627675656,0.993919985488512
6.05653830563488,0.984458228269411+2.55698415526797e-13i,2.41457783120891,0.993758090258371
6.09612352331877,0.984155399938158+1.64960523902578e-13i,2.43035938566126,0.993593027966431
6.13570874100266,0.983848693942952+2.07243970682112e-13i,2.4461409401136,0.993424758167384
6.17529395868655,0.983538088640464+1.74043712801041e-13i,2.46192249456595,0.993253240209534
6.21487917637044,0.983223562473553+2.22405764165879e-13i,2.47770404901829,0.993078433227307
6.25446439405432,0.982905093926151+2.30362309855852e-13i,2.49348560347064,0.992900296154883
6.29404961173821,0.982582661578019+2.00028600333419e-14i,2.50926715792298,0.992718787723131
6.3336348294221,0.982256244102091+9.4217949570134e-14i,2.52504871237533,0.992533866461186
6.37322004710599,0.981925820212814+2.1823467292059e-13i,2.54083026682768,0.992345490698068
6.41280526478988,0.981591368726797+7.13856310424463e-14i,2.55661182128002,0.992153618564336
6.45239048247377,0.981252868536237-2.3884367069441e-14i,2.57239337573237,0.991958207993782
6.49197570015765,0.980910298608465+1.82005263535935e-13i,2.58817493018471,0.991759216725158
6.53156091784154,0.980563638013675+7.74268396010793e-14i,2.60395648463706,0.991556602303944
6.57114613552543,0.980212865875617+1.65051014373666e-13i,2.6197380390894,0.991350322084153
6.61073135320932,0.979857961415874+2.41417425764294e-13i,2.63551959354175,0.991140333230147
6.65031657089321,0.979498903957068-8.64635246526581e-14i,2.6513011479941,0.99092659271854
6.68990178857709,0.979135672881525+8.37733033352915e-14i,2.66708270244644,0.990709057340122
6.72948700626098,0.97876824767542+8.89474060615947e-14i,2.68286425689879,0.990487683701815
6.76907222394487,0.978396607929719+1.01467013423702e-13i,2.69864581135113,0.990262428228672
6.80865744162876,0.978020733296834+1.99182901963433e-13i,2.71442736580348,0.990033247165907
6.84824265931265,0.977640603534379+3.62150580194008e-13i,2.73020892025583,0.989800096580966
6.88782787699653,0.977256198512508+6.20554038544938e-14i,2.74599047470817,0.989562932365612
6.92741309468042,0.976867498156476+2.56528709253274e-14i,2.76177202916052,0.989321710238088
6.96699831236431,0.976474482515665-7.44085586487044e-15i,2.77755358361286,0.989076385745317
7.0065835300482,0.976077131729375+7.95239446991931e-14i,2.79333513806521,0.988826914265133
7.04616874773209,0.975675426035235+3.10245314411777e-13i,2.80911669251755,0.988573251008541
7.08575396541598,0.975269345767154+2.62474413640891e-13i,2.8248982469699,0.988315351022009
7.12533918309986,0.974858871363063+1.76329022036264e-13i,2.84067980142225,0.98805316918983
7.16492440078375,0.974443983363861+5.97524808569966e-14i,2.85646135587459,0.987786660238029
7.20450961846764,0.974024662423029+1.20160636348405e-13i,2.87224291032694,0.987515778736727
7.24409483615153,0.973600889284143+2.49889207382227e-13i,2.88802446477928,0.987240479093693
7.28368005383542,0.97317264480349+1.17084540510391e-13i,2.90380601923163,0.986960715568883
7.3232652715193,0.972739909942671+1.59448025132349e-13i,2.91958757368398,0.986676442272421
7.36285048920319,0.972302665770793+1.27324922419817e-13i,2.93536912813632,0.986387613167188
7.40243570688708,0.971860893462585+3.31379810642808e-13i,2.95115068258867,0.986094182071448
7.44202092457097,0.971414574301935+4.74975577904992e-14i,2.96693223704101,0.985796102661519
7.48160614225486,0.970963689689341+2.8310593848181e-13i,2.98271379149336,0.985493328474492
7.52119135993874,0.970508221129888+1.40689962789743e-13i,2.9984953459457,0.985185812910994
7.56077657762263,0.97004815024879+4.08768030553248e-13i,3.01427690039805,0.984873509237984
7.60036179530652,0.969583458782009+2.37759754461689e-13i,3.0300584548504,0.984556370591591
7.63994701299041,0.969114128584696+2.43606744963178e-13i,3.04584000930274,0.984234349980003
7.6795322306743,0.968640141623339+2.24144406124258e-13i,3.06162156375509,0.983907400286386
7.71911744835819,0.968161479980194+1.44104170412768e-13i,3.07740311820743,0.983575474271847
7.75870266604207,0.967678125873728+5.53496332365951e-14i,3.09318467265978,0.983238524578429
7.79828788372596,0.967190061612961+6.16959007852262e-14i,3.10896622711213,0.982896503732183
7.83787310140985,0.966697269639777+3.40006048508128e-13i,3.12474778156447,0.982549364146279
7.87745831909374,0.966199732555886+3.81313679657944e-13i,3.14052933601682,0.982197058124141
7.91704353677763,0.965697433020279+3.96680836920917e-13i,3.15631089046916,0.981839537862628
7.95662875446151,0.965190353857569+1.52515227642727e-13i,3.17209244492151,0.981476755455243
7.9962139721454,0.964678478010462+3.83331360632759e-13i,3.18787399937385,0.981108662895426
8.03579918982929,0.964161788547228+2.60364180157939e-13i,3.2036555538262,0.980735212079882
8.07538440751318,0.963640268665922+2.66668675190438e-13i,3.21943710827855,0.980356354811942
8.11496962519707,0.963113901685148+3.34488951893881e-13i,3.23521866273089,0.979972042804956
8.15455484288096,0.962582671074065+4.88334853107058e-13i,3.25100021718324,0.979582227685749
8.19414006056484,0.962046560414006+2.25274858405173e-13i,3.26678177163558,0.979186860999623
8.23372527824873,0.961505553433589+2.00573366313704e-13i,3.28256332608793,0.97878589421387
8.27331049593262,0.960959633980804+3.23835268646354e-13i,3.29834488054028,0.978379278712509
8.31289571361651,0.960408786065531+4.16366270448664e-13i,3.31412643499262,0.977966965811821
8.3524809313004,0.959852993797887+3.57270330132214e-14i,3.32990798944497,0.977548906759517
8.39206614898428,0.959292241443562+3.7523029962223e-13i,3.34568954389731,0.977125052738465
8.43165136666817,0.958726513421576+4.79123473897971e-13i,3.36147109834966,0.976695354870463
8.47123658435206,0.958155794256212+3.87795730227302e-13i,3.377252652802,0.976259764220057
8.51082180203595,0.957580068631725+4.55676207520262e-13i,3.39303420725435,0.975818231798405
8.55040701971984,0.956999321380259+3.67061477933499e-13i,3.4088157617067,0.975370708567189
8.58999223740373,0.956413537455748+5.42474558803014e-13i,3.42459731615904,0.974917145442555
8.62957745508761,0.955822701968921+5.50831312544746e-13i,3.44037887061139,0.974457493299127
8.6691626727715,0.955226800171715+3.5719303162068e-13i,3.45616042506373,0.973991702974068
8.70874789045539,0.954625817463642+2.90583022099252e-13i,3.47194197951608,0.973519725271176
8.74833310813928,0.954019739390356+3.86687460089197e-13i,3.48772353396842,0.97304151096503
8.78791832582317,0.953408551658902+1.69919000293362e-13i,3.50350508842077,0.972557010805181
8.82750354350705,0.952792240069586+2.33159530241428e-13i,3.51928664287312,0.972066175520366
8.86708876119094,0.952170790654132+5.38860763289334e-13i,3.53506819732546,0.971568955822811
8.90667397887483,0.951544189554135+4.44413063984412e-13i,3.55084975177781,0.971065302412582
8.94625919655872,0.950912423026451+1.98973890747166e-13i,3.56663130623015,0.970555165981956
8.98584441424261,0.950275477557838+2.79323981197139e-13i,3.5824128606825,0.970038497219851
9.02542963192649,0.949633339743671+1.91030770345214e-13i,3.59819441513485,0.969515246816277
9.06501484961038,0.948985996320173+1.78415607198993e-13i,3.61397596958719,0.968985365466884
9.10460006729427,0.948333434223816+7.6749101170149e-13i,3.62975752403954,0.968448803877535
9.14418528497816,0.947675640515941+1.28180439068866e-13i,3.64553907849188,0.967905512768922
9.18377050266205,0.947012602431772+4.91289794226181e-13i,3.66132063294423,0.967355442881219
9.22335572034594,0.946344307359839+6.99297498786506e-13i,3.67710218739657,0.966798544983205
9.26294093802982,0.94567074285787+3.08614979024689e-13i,3.69288374184892,0.966234769865286
9.30252615571371,0.944991896653383+4.64787376946377e-13i,3.70866529630127,0.96566406835322
9.3421113733976,0.944307756614746+4.0633175552918e-13i,3.72444685075361,0.965086391312875
9.38169659108149,0.94361831078679+3.86074521350268e-13i,3.74022840520596,0.964501689653663
9.42128180876538,0.942923547387868+4.11787462336763e-13i,3.7560099596583,0.963909914333484
9.46086702644926,0.942223454781613+4.68219014115789e-13i,3.77179151411065,0.963311016363727
9.50045224413315,0.941518021513376+5.03327035014573e-13i,3.787573068563,0.962704946814314
9.54003746181704,0.940807236287369+4.20662450288897e-13i,3.80335462301534,0.962091656818802
9.57962267950093,0.940091087987517+3.87770226960148e-13i,3.81913617746769,0.961471097579524
9.61920789718482,0.939369565663786+5.44258099369657e-13i,3.83491773192003,0.960843220372771
9.65879311486871,0.938642658526283+4.794641816054e-13i,3.85069928637238,0.960207976554028
9.69837833255259,0.937910355976256+3.27385511053091e-13i,3.86648084082472,0.959565317563233
9.73796355023648,0.937172647576855+4.6869098684522e-13i,3.88226239527707,0.958915194930124
9.77754876792037,0.936429523070173+3.87835599390271e-13i,3.89804394972942,0.958257560279613
9.81713398560426,0.935680972338451+4.03791251164756e-13i,3.91382550418176,0.957592365337217
9.85671920328815,0.934926985514891+3.17088676240394e-13i,3.92960705863411,0.956919561934515
9.89630442097203,0.934167552850865+5.17943745037599e-13i,3.94538861308645,0.956239102014653
9.93588963865592,0.933402664777435+3.03200303206139e-13i,3.9611701675388,0.955550937637889
9.97547485633981,0.932632311927486+3.85672452941158e-13i,3.97695172199115,0.954855020987227
10.0150600740237,0.931856485106389+1.8856790379385e-13i,3.99273327644349,0.954151304374064
10.0546452917076,0.931075175298317+2.8907955114564e-13i,4.00851483089584,0.953439740243872
10.0942305093915,0.930288373668764+3.44538285837308e-13i,4.02429638534818,0.952720281181929
10.1338157270754,0.929496071567763+4.34709124758654e-13i,4.04007793980053,0.951992879919125
10.1734009447592,0.928698260529007+1.93325110661347e-13i,4.05585949425287,0.951257489337779
10.2129861624431,0.927894932270769+3.17489076430663e-13i,4.07164104870522,0.950514062477515
10.252571380127,0.92708607870384+5.15860738398829e-13i,4.08742260315757,0.949762552545487
10.2921565978109,0.926271691926142+4.41359266498466e-13i,4.10320415760991,0.949002912910881
10.3317418154948,0.925451764219985+5.45060864997972e-13i,4.11898571206226,0.948235097119597
10.3713270331787,0.924626288059368+5.12265214180381e-13i,4.1347672665146,0.94745905890022
10.4109122508626,0.923795256105414+6.00472873159596e-13i,4.15054882096695,0.946674752168668
10.4504974685465,0.92295866121073+8.32412282816027e-13i,4.1663303754193,0.945882131034329
10.4900826862304,0.922116496419482+5.06754118127426e-13i,4.18211192987164,0.945081149806229
10.5296679039142,0.921268754967425+3.57047433544323e-13i,4.19789348432399,0.944271762999252
10.5692531215981,0.920415430281407+7.07061670769432e-13i,4.21367503877633,0.943453925340383
10.608838339282,0.919556515984077+2.42926489785049e-13i,4.22945659322868,0.942627591775012
10.6484235569659,0.918692005893763+1.89006683292044e-13i,4.24523814768102,0.941792717473279
10.6880087746498,0.917821894023489+1.79290383459397e-13i,4.26101970213337,0.940949257836453
10.7275939923337,0.916946174584413+7.35353863524914e-13i,4.27680125658572,0.940097168503348
10.7671792100176,0.916064841985131+3.98155794359068e-13i,4.29258281103806,0.939236405356776
10.8067644277015,0.915177890829947+4.79117609490711e-13i,4.30836436549041,0.938366924530021
10.8463496453853,0.914285315923761+7.07440016951454e-13i,4.32414591994275,0.937488682413387
10.8859348630692,0.913387112273505+8.48701548767979e-13i,4.3399274743951,0.936601635660778
10.9255200807531,0.912483275086102+6.16258649905772e-13i,4.35570902884744,0.935705741196301
10.965105298437,0.91157379976894+7.03594149795268e-13i,4.37149058329979,0.934800956220896
11.0046905161209,0.910658681932585+8.50215604091645e-13i,4.38727213775214,0.933887238219007
11.0442757338048,0.909737917391771+1.54913157917601e-13i,4.40305369220448,0.932964544965316
11.0838609514887,0.908811502163346+4.6180511946326e-13i,4.41883524665683,0.932032834531483
11.1234461691726,0.907879432470988+7.3774388068987e-13i,4.43461680110917,0.931092065292913
11.1630313868565,0.906941704744618+2.85560971696049e-13i,4.45039835556152,0.930142195935599
11.2026166045403,0.905998315618301+4.56730128922113e-13i,4.46617991001387,0.929183185462958
11.2422018222242,0.905049261936151+5.19603972544223e-13i,4.48196146446621,0.928214993202705
11.2817870399081,0.904094540758085+2.66368937945869e-13i,4.49774301891856,0.92723757881796
11.321372257592,0.90313414934991+1.83043376509179e-13i,4.5135245733709,0.926250902303071
11.3609574752759,0.902168085187157+6.42696199763137e-13i,4.52930612782325,0.925254923998989
11.4005426929598,0.901196345956224+6.22992348775531e-13i,4.54508768227559,0.924249604600195
11.4401279106437,0.900218929550307+3.97924493663849e-13i,4.56086923672794,0.923234905160334
11.4797131283276,0.899235834078778+5.61422901336293e-13i,4.57665079118029,0.922210787099269
11.5192983460114,0.898247057862325+4.99348641953855e-13i,4.59243234563263,0.921177212210177
11.5588835636953,0.897252599433248+6.46300889989031e-13i,4.60821390008498,0.92013414266665
11.5984687813792,0.896252457541032+8.07309955449799e-13i,4.62399545453732,0.91908154102984
11.6380539990631,0.89524663114654+5.41702001962348e-13i,4.63977700898967,0.91801937025561
11.677639216747,0.894235119427795+7.96031229932371e-13i,4.65555856344202,0.916947593701715
11.7172244344309,0.893217921776128+9.03455490741119e-13i,4.67134011789436,0.915866175134997
11.7568096521148,0.892195037802513+5.64262905965381e-13i,4.68712167234671,0.914775078738631
11.7963948697987,0.891166467334885+4.62126065574917e-13i,4.70290322679905,0.913674269119373
11.8359800874826,0.890132210417194+6.38745657027035e-13i,4.7186847812514,0.912563711314831
11.8755653051664,0.889092267313607+7.68375077737992e-13i,4.73446633570374,0.911443370800735
11.9151505228503,0.888046638506775+5.02331180143527e-13i,4.75024789015609,0.910313213498242
11.9547357405342,0.886995324697885+4.61916727104999e-13i,4.76602944460844,0.909173205781275
11.9943209582181,0.885938326810899+4.34433520022461e-13i,4.78181099906078,0.908023314483856
12.033906175902,0.8848756459869+3.23997168629062e-13i,4.79759255351313,0.906863506907444
12.0734913935859,0.883807283592494+9.95150305557519e-13i,4.81337410796547,0.905693750828322
12.1130766112698,0.882733241214787+6.96077397952129e-13i,4.82915566241782,0.904514014504981
12.1526618289537,0.881653520662551+5.50497579402726e-13i,4.84493721687017,0.903324266685497
12.1922470466375,0.880568123968773+2.97742696284057e-13i,4.86071877132251,0.902124476614942
12.2318322643214,0.879477053389862-5.96904890195788e-15i,4.87650032577486,0.90091461404281
12.2714174820053,0.878380311407831+8.1697446172336e-13i,4.8922818802272,0.899694649231761
12.3110026996892,0.877277900736223+5.59266303357893e-13i,4.90806343467955,0.898464552965041
12.3505879173731,0.876169824310415+3.79593273705633e-13i,4.92384498913189,0.89722429654601
12.390173135057,0.875056085292998+5.91752453679055e-13i,4.93962654358424,0.895973851816229
12.4297583527409,0.873936687072672+5.14208959755505e-13i,4.95540809803659,0.89471319115885
12.4693435704248,0.872811633263469+5.27508023855884e-13i,4.97118965248893,0.893442287506077
12.5089287881086,0.871680927707708+7.59596159740445e-13i,4.98697120694128,0.8921611143466
12.5485140057925,0.870544574474134+1.42978053935484e-13i,5.00275276139362,0.890869645733059
12.5880992234764,0.869402577858975+3.0896697971014e-13i,5.01853431584597,0.889567856289473
12.6276844411603,0.868254942385671+4.13527483327136e-13i,5.03431587029831,0.888255721218696
12.6672696588442,0.867101672809568+1.45412730803618e-13i,5.05009742475066,0.886933216309869
12.7068548765281,0.865942774113316+3.13454618238417e-13i,5.06587897920301,0.885600317945856
12.746440094212,0.864778251510446+4.05767676666918e-13i,5.08166053365535,0.884257003110677
12.7860253118959,0.863608110442405-1.46564567154682e-13i,5.0974420881077,0.88290324939692
12.8256105295798,0.862432356582004+3.86533876494075e-13i,5.11322364256004,0.881539035013154
12.8651957472636,0.861250995832635+1.27489582653349e-13i,5.12900519701239,0.880164338791353
12.9047809649475,0.860064034329022-5.80578609419362e-14i,5.14478675146474,0.878779140194285
12.9443661826314,0.858871478435711+5.22438891071648e-14i,5.16056830591708,0.877383419322873
12.9839514003153,0.857673334750168+3.37548895454216e-13i,5.17634986036943,0.875977156923576
13.0235366179992,0.856469610101635+3.64378677616685e-13i,5.19213141482177,0.874560334395753
13.0631218356831,0.855260311550985-5.92915441754026e-14i,5.20791296927412,0.873132933798976
13.102707053367,0.854045446392174+2.39027721798549e-13i,5.22369452372646,0.871694937860342
13.1422922710509,0.852825022151491+2.74749605929429e-13i,5.23947607817881,0.870246329981784
13.1818774887347,0.851599046588681-1.00443978983397e-13i,5.25525763263116,0.868787094247334
13.2214627064186,0.850367527696007-2.15225100281589e-13i,5.2710391870835,0.867317215430363
13.2610479241025,0.849130473698608+3.81111404366438e-13i,5.28682074153585,0.865836679000817
13.3006331417864,0.847887893057459+4.86666552125884e-14i,5.30260229598819,0.864345471131627
13.3402183594703,0.84663979447466+6.61605722209583e-13i,5.31838385044054,0.862843578716148
13.3798035771542,0.845386186883009+2.7060330793153e-13i,5.33416540489289,0.861330989347236
13.4193887948381,0.844127079451768+4.57429102508805e-13i,5.34994695934523,0.859807691354989
13.458974012522,0.842862481580002+1.43039468515488e-13i,5.36572851379758,0.858273673799719
13.4985592302059,0.841592402903178+4.67249236673096e-13i,5.38151006824992,0.856728926481035
13.5381444478897,0.840316853289863+2.20328171184803e-13i,5.39729162270227,0.855173439944857
13.5777296655736,0.839035842846049+1.68366502164283e-13i,5.41307317715461,0.853607205490377
13.6173148832575,0.837749381908962+4.00377559722058e-13i,5.42885473160696,0.852030215176992
13.6569001009414,0.836457481052652+9.05430849679585e-14i,5.44463628605931,0.850442461831183
13.6964853186253,0.835160151085704+4.32240744098641e-13i,5.46041784051165,0.848843939053351
13.7360705363092,0.833857403050371-7.64244933302465e-14i,5.476199394964,0.847234641224613
13.7756557539931,0.832549248224203+4.91861588248372e-13i,5.49198094941634,0.845614563513559
13.815240971677,0.831235698121454+5.37794857977388e-13i,5.50776250386869,0.843983701882961
13.8548261893608,0.829916764488992+6.64760802834632e-14i,5.52354405832103,0.842342053096404
13.8944114070447,0.828592459308889+1.15360845221354e-13i,5.53932561277338,0.840689614724897
13.9339966247286,0.82726279480031+1.8589908426846e-13i,5.55510716722573,0.839026385153429
13.9735818424125,0.825927783414945+4.34935010871469e-13i,5.57088872167807,0.837352363587456
14.0131670600964,0.824587437840465+1.64375447782509e-13i,5.58667027613042,0.835667550059329
14.0527522777803,0.823241770997977+4.1938308994373e-13i,5.60245183058276,0.833971945434667
14.0923374954642,0.821890796047136+9.6620917641041e-14i,5.61823338503511,0.832265551418694
14.1319227131481,0.820534526376851+5.25929454616368e-13i,5.63401493948746,0.830548370562467
14.171507930832,0.819172975613115+5.61438420026504e-13i,5.6497964939398,0.828820406269074
14.2110931485158,0.817806157617043+3.35738589290009e-13i,5.66557804839215,0.827081662799752
14.2506783661997,0.816434086481467+4.4602055949422e-13i,5.68135960284449,0.825332145279952
14.2902635838836,0.815056776535374+6.29889955764108e-13i,5.69714115729684,0.823571859705318
14.3298488015675,0.813674242342416+1.92833386222332e-13i,5.71292271174918,0.821800812948796
14.3694340192514,0.812286498709371+6.26870814909221e-13i,5.72870426620153,0.82001901276649
14.4090192369353,0.810893560670335+4.03382283876971e-13i,5.74448582065388,0.818226467796347
14.4486044546192,0.809495443494011+1.82849539277635e-13i,5.76026737510622,0.816423187573311
14.4881896723031,0.808092162682206-1.82010384694046e-13i,5.77604892955857,0.814609182531338
14.5277748899869,0.80668373396912+7.12166251914274e-13i,5.79183048401091,0.812784464008923
14.5673601076708,0.805270173320193+4.80429710288146e-13i,5.80761203846326,0.810949044254533
14.6069453253547,0.803851496933669+2.67269450012769e-13i,5.82339359291561,0.809102936431969
14.6465305430386,0.802427721239064+4.16996155654551e-13i,5.83917514736795,0.807246154625627
14.6861157607225,0.800998862898106+4.23559020063883e-13i,5.8549567018203,0.805378713845694
14.7257009784064,0.799564938803418+6.51224589049049e-13i,5.87073825627264,0.803500630033232
14.7652861960903,0.798125966078909+6.21823233618848e-13i,5.88651981072499,0.801611920065175
14.8048714137742,0.796681962078161+4.63015940898127e-13i,5.90230136517733,0.799712601759217
14.844456631458,0.795232944385703+5.01948207708042e-13i,5.91808291962968,0.797802693878643
14.8840418491419,0.793778930816396+3.2664383921592e-13i,5.93386447408203,0.795882216137033
14.9236270668258,0.792319939413708+2.60381249932302e-13i,5.94964602853437,0.793951189202857
14.9632122845097,0.790855988449377-1.23246641048462e-13i,5.96542758298672,0.792009634703976
15.0027975021936,0.789387096426066+8.28756875328834e-13i,5.98120913743906,0.790057575232062
15.0423827198775,0.787913282072479+6.49186137238479e-13i,5.99699069189141,0.788095034346885
15.0819679375614,0.786434564344662+8.41380993372637e-14i,6.01277224634376,0.786122036580487
15.1215531552453,0.784950962427627+9.70182184100459e-13i,6.0285538007961,0.784138607441268
15.1611383729292,0.783462495730505+5.61375478059576e-13i,6.04433535524845,0.782144773417945
15.200723590613,0.78196918389055+7.12447103373552e-13i,6.06011690970079,0.780140561983411
15.2403088082969,0.780471046768776+3.84833125515303e-13i,6.07589846415314,0.778126001598467
15.2798940259808,0.778968104454098+3.04473131320355e-13i,6.09168001860548,0.776101121715439
15.3194792436647,0.77746037725637+5.44408450292166e-13i,6.10746157305783,0.77406595278168
15.3590644613486,0.775947885716684+4.37656389104144e-13i,6.12324312751018,0.772020526246239
15.3986496790325,0.774430650600169+2.15003351532714e-13i,6.13902468196252,0.769964874554356
15.4382348967164,0.772908692895005+6.10353638355786e-13i,6.15480623641487,0.767899031157249
15.4778201144003,0.771382033811846+4.35002851069042e-13i,6.17058779086721,0.765823030515027
15.5174053320841,0.769850694779728+1.11708122093362e-12i,6.18636934531956,0.763736908098456
15.556990549768,0.768314697448317+8.13137241484165e-13i,6.2021508997719,0.761640700391698
15.5965757674519,0.766774063688643+1.88789099750217e-13i,6.21793245422425,0.759534444894919
15.6361609851358,0.765228815590845+6.94122337803812e-13i,6.2337140086766,0.757418180126768
15.6757462028197,0.763678975462469+2.42750574783931e-13i,6.24949556312894,0.755291945626708
15.7153314205036,0.762124565828748+4.77714627412474e-13i,6.26527711758129,0.753155781957201
15.7549166381875,0.76056560943276+7.40724694988132e-13i,6.28105867203363,0.751009730705786
15.7945018558714,0.759002129234821+1.01682642669901e-12i,6.29684022648598,0.748853834486993
15.8340870735553,0.757434148409595+9.10587586485942e-13i,6.31262178093833,0.746688136944115
15.8736722912391,0.755861690345795+1.29494792447152e-12i,6.32840333539067,0.74451268275082
15.913257508923,0.754284778648169+5.88396723516152e-13i,6.34418488984302,0.742327517612645
15.9528427266069,0.752703437133615+3.38630473938979e-13i,6.35996644429536,0.740132688268334
15.9924279442908,0.751117689830572+1.20996070453639e-12i,6.37574799874771,0.737928242491011
16.0320131619747,0.749527560979343+8.15975959989622e-13i,6.39152955320005,0.735714229089199
16.0715983796586,0.747933075032239+6.5194313266017e-13i,6.4073111076524,0.733490697907714
16.1111835973425,0.746334256647451+9.88415541322163e-13i,6.42309266210475,0.731257699828366
16.1507688150264,0.744731130695942+8.29287890107849e-13i,6.43887421655709,0.72901528677054
16.1903540327102,0.743123722254405+5.66871109944789e-13i,6.45465577100944,0.726763511691594
16.2299392503941,0.741512056606223+1.05200670061347e-12i,6.47043732546178,0.724502428587101
16.269524468078,0.739896159242151+9.60981218851158e-13i,6.48621887991413,0.722232092490941
16.3091096857619,0.738276055855426+7.64079366236622e-13i,6.50200043436648,0.719952559475214
16.3486949034458,0.736651772349462+7.11189607541803e-13i,6.51778198881882,0.717663886649991
16.3882801211297,0.735023334826027+8.08103516199396e-13i,6.53356354327117,0.715366132165911
16.4278653388136,0.73339076959871+8.87038358735516e-13i,6.54934509772351,0.713059355205659
16.4674505564975,0.731754103178188+6.43249845931338e-13i,6.56512665217586,0.710743615989238
16.5070357741814,0.73011336227513+6.43154664912116e-13i,6.5809082066282,0.708418975772969
16.5466209918652,0.728468573801564+6.87572546631943e-13i,6.59668976108055,0.706085496847416
16.5862062095491,0.726819764852149+7.97405918246278e-13i,6.6124713155329,0.703743242536103
16.625791427233,0.725166962740364+1.01205223625999e-12i,6.62825286998524,0.701392277194075
16.6653766449169,0.723510194962694+1.07648964027943e-12i,6.64403442443759,0.699032666206289
16.7049618626008,0.72184948920387+1.38207297226902e-12i,6.65981597888993,0.696664475985825
16.7445470802847,0.720184873356489+1.12456680206921e-12i,6.67559753334228,0.694287773971906
16.7841322979686,0.718516375495503+7.14198600866497e-13i,6.69137908779463,0.691902628627751
16.8237175156525,0.716844023887043+7.88278138273908e-13i,6.70716064224697,0.689509109438228
16.8633027333363,0.715167846991347+7.14563192631971e-13i,6.72294219669932,0.687107286907362
16.9028879510202,0.713487873449861+5.60951416790158e-13i,6.73872375115166,0.684697232555628
16.9424731687041,0.711804132107447+6.8896946333537e-13i,6.75450530560401,0.682279018917063
16.982058386388,0.710116651970183+7.37680365620191e-13i,6.77028686005635,0.679852719536201
17.0216436040719,0.708425462239828+1.10395128568099e-12i,6.7860684145087,0.677418408964824
17.0612288217558,0.706730592324895+9.13294926702643e-13i,6.80184996896105,0.674976162758509
17.1008140394397,0.705032071773462+5.22076697812264e-13i,6.81763152341339,0.672526057473021
17.1403992571236,0.70332993034173+4.45552074720553e-13i,6.83341307786574,0.670068170660482
17.1799844748074,0.701624197961063+8.54116029812505e-13i,6.84919463231808,0.667602580865362
17.2195696924913,0.699914904738596+5.60648655091767e-13i,6.86497618677043,0.665129367620297
17.2591549101752,0.698202080958972+5.48029816628225e-13i,6.88075774122277,0.662648611441681
17.2987401278591,0.696485757082176+1.15143039519815e-12i,6.89653929567512,0.660160393825098
17.338325345543,0.694765963741906+4.90350811096717e-13i,6.91232085012747,0.65766479724054
17.3779105632269,0.693042731746438+1.0200044133625e-12i,6.92810240457981,0.655161905127458
17.4174957809108,0.691316092079181+5.98218267358148e-13i,6.94388395903216,0.652651801892255
17.4570809985947,0.689586075896758+5.27816672155281e-14i,6.9596655134845,0.650134572895899
17.4966662162786,0.687852714521396+1.00632593019572e-12i,6.97544706793685,0.647610304453688
17.5362514339624,0.686116039441983+1.13082582005595e-12i,6.9912286223892,0.645079083829451
17.5758366516463,0.684376082312743+7.10742012395416e-13i,7.00701017684154,0.642540999228719
17.6154218693302,0.682632874951292+8.60622239052258e-13i,7.02279173129389,0.639996139792591
17.6550070870141,0.680886449339179+6.17089825626221e-13i,7.03857328574623,0.637444595591397
17.694592304698,0.679136837617286+3.83126824977061e-13i,7.05435484019858,0.634886457618165
17.7341775223819,0.677384072085275+1.01330783624943e-12i,7.07013639465093,0.632321817781893
17.7737627400658,0.675628185202726+1.09244224598509e-12i,7.08591794910327,0.629750768900625
17.8133479577497,0.673869209585574+1.38053277455299e-12i,7.10169950355562,0.627173404694337
17.8529331754335,0.672107178002501+1.18066401058887e-12i,7.11748105800796,0.624589819777612
17.8925183931174,0.670342123377849+1.12315862223576e-12i,7.13326261246031,0.622000109652117
17.9321036108013,0.668574078786628+6.99645421282721e-13i,7.14904416691265,0.619404370698899
17.9716888284852,0.666803077451715+6.6413440944215e-13i,7.164825721365,0.616802700170472
18.0112740461691,0.665029152749587+1.14320850385533e-12i,7.18060727581735,0.6141951961827
18.050859263853,0.663252338198384+7.34974594354452e-13i,7.19638883026969,0.611581957706517
18.0904444815369,0.661472667463299+8.05203075188396e-13i,7.21217038472204,0.608963084559408
18.1300296992208,0.659690174355647+9.33102943766972e-13i,7.22795193917438,0.606338677396714
18.1696149169047,0.657904892824935+8.10833622072639e-13i,7.24373349362673,0.603708837702757
18.2092001345885,0.656116856962029+7.87606081564063e-13i,7.25951504807907,0.601073667781731
18.2487853522724,0.654326100996424+9.33079440079856e-13i,7.27529660253142,0.598433270748436
18.2883705699563,0.652532659293799+7.08595437496585e-13i,7.29107815698377,0.595787750518794
18.3279557876402,0.650736566358346+4.31467921407891e-13i,7.30685971143611,0.593137211800189
18.3675410053241,0.648937856821479+1.30287626396949e-12i,7.32264126588846,0.590481760081603
18.407126223008,0.647136565455758+3.5626850616951e-13i,7.3384228203408,0.587821501624339
18.4467114406919,0.645332727152167+6.40568457929503e-13i,7.35420437479315,0.585156543451768
18.4862966583758,0.643526376952416+6.38534144700446e-13i,7.3699859292455,0.582486993334367
18.5258818760596,0.641717550015238+9.15715802442173e-13i,7.38576748369784,0.579812959785202
18.5654670937435,0.639906281606223+4.68582905032383e-13i,7.40154903815019,0.577134552046769
18.6050523114274,0.638092607142487+9.83566949456112e-13i,7.41733059260253,0.574451880079998
18.6446375291113,0.636276562142268+8.05762532766945e-13i,7.43311214705488,0.571765054553052
18.6842227467952,0.634458182247331+6.78623924555265e-13i,7.44889370150722,0.56907418682996
18.7238079644791,0.63263750321781+7.60074237979368e-13i,7.46467525595957,0.566379388959064
18.763393182163,0.630814560927888+1.0467568166307e-12i,7.48045681041192,0.563680773661274
18.8029783998469,0.628989391365797+2.29853328092966e-13i,7.49623836486426,0.560978454318146
18.8425636175308,0.627162030631821+8.66862716921891e-13i,7.51201991931661,0.558272544959771
18.8821488352146,0.625332514933673+9.74805301723766e-13i,7.52780147376895,0.555563160252506
18.9217340528985,0.623500880589584+7.606966957999e-13i,7.5435830282213,0.552850415486505
18.9613192705824,0.621667164023121+9.57884932127132e-13i,7.55936458267364,0.550134426563088
19.0009044882663,0.619831401760163+6.85189971320563e-13i,7.57514613712599,0.54741530998194
19.0404897059502,0.617993630430801+1.417982013026e-12i,7.59092769157834,0.544693182828121
19.0800749236341,0.616153886765457+9.5944263307729e-13i,7.60670924603068,0.541968162758916
19.119660141318,0.614312207590081+1.08215734257016e-12i,7.62249080048303,0.539240367990524
19.1592453590019,0.612468629830326+8.51399402212471e-13i,7.63827235493537,0.536509917284559
19.1988305766857,0.610623190504103+1.33935709384194e-12i,7.65405390938772,0.533776929934404
19.2384157943696,0.608775926720718+1.11763474152328e-12i,7.66983546384007,0.531041525751391
19.2780010120535,0.606926875682793+6.24179580459908e-13i,7.68561701829241,0.528303825050837
19.3175862297374,0.605076074679207+8.27379797766154e-13i,7.70139857274476,0.525563948637902
19.3571714474213,0.603223561085913+1.02069884271963e-12i,7.7171801271971,0.522822017793306
19.3967566651052,0.601369372363024+5.64063827722603e-13i,7.73296168164945,0.52007815425888
19.4363418827891,0.599513546054925+5.81671285747973e-13i,7.74874323610179,0.517332480223629
19.475927100473,0.597656119790267+9.43700837311417e-13i,7.76452479055414,0.514585118308995
19.5155123181568,0.595797131279281+1.018141190974e-12i,7.78030634500649,0.511836191550115
19.5550975358407,0.593936618304525+1.19558492178028e-12i,7.79608789945883,0.509085823385955
19.5946827535246,0.592074618721629+1.09250564206704e-12i,7.81186945391118,0.506334137642142
19.6342679712085,0.590211170460087+9.86738037495305e-13i,7.82765100836352,0.503581258515647
19.6738531888924,0.588346311519812+9.04156091516721e-13i,7.84343256281587,0.500827310559333
19.7134384065763,0.586480079965694+8.93084121206116e-13i,7.85921411726822,0.49807241866636
19.7530236242602,0.584612513931314+1.26326423122669e-12i,7.87499567172056,0.495316708054462
19.7926088419441,0.582743651613197+9.62818633562759e-13i,7.89077722617291,0.492560304250094
20.1884610187829,0.56399125695943+8.44425862752337e-13i,8.04859277069636,0.464984336495037
20.5843131956218,0.54515174676587+1.80971692300257e-12i,8.20640831521982,0.437478950516854
20.9801653724607,0.526264037765053+5.95480869844346e-13i,8.36422385974328,0.410172184824742
21.3760175492996,0.507367213795423+1.23815816926719e-12i,8.52203940426674,0.383191401182287
21.7718697261385,0.488500305229581+9.30150141550087e-13i,8.6798549487902,0.356661488685487
22.1677219029774,0.469702071176413+1.13007990987732e-12i,8.83767049331366,0.330703062472467
22.5635740798162,0.451010778003565+1.42448599683647e-12i,8.99548603783711,0.305430701357558
22.9594262566551,0.432463984760347+6.34127031334459e-13i,9.15330158236057,0.28095126984872
23.355278433494,0.414098333490784+9.52120887532544e-13i,9.31111712688403,0.257362369575837
23.7511306103329,0.395949344452794+5.53662744835059e-13i,9.46893267140749,0.234750962747728
24.1469827871718,0.37805122491709+5.50658248945627e-13i,9.62674821593095,0.213192206448553
24.5428349640106,0.360436685230952+7.23071838685132e-13i,9.7845637604544,0.192748530806484
24.9386871408495,0.343136769559126+6.66925365695233e-13i,9.94237930497786,0.173468986851237
25.3345393176884,0.326180702304001-1.13746710428131e-13i,10.1001948495013,0.155388881609119
25.7303914945273,0.30959574693866+2.58841980847571e-13i,10.2580103940248,0.138529708406356
26.1262436713662,0.29340708590616+1.42776887604613e-13i,10.4158259385482,0.122899370711977
26.522095848205,0.277637715932789+3.16557647378632e-13i,10.5736414830717,0.108492687854006
26.9179480250439,0.262308362466706+8.87956843181545e-13i,10.7314570275952,0.0952921614860575
27.3138002018828,0.247437415708894+1.00656938713223e-12i,10.8892725721186,0.0832689732176723
27.7096523787217,0.233040882960304+3.77503774412676e-13i,11.0470881166421,0.0723841764378706
28.1055045555606,0.219132363696948+3.53147217238127e-13i,11.2049036611655,0.0625900399140866
28.5013567323995,0.205723043128886+1.16374270493715e-14i,11.362719205689,0.0538314970725283
28.8972089092383,0.192821704099396+7.19402763741878e-13i,11.5205347502124,0.0460476532476114
29.2930610860772,0.180434759860672-1.06769896144804e-13i,11.6783502947359,0.0391733038408142
29.6889132629161,0.168566302118582+4.65623375495866e-13i,11.8361658392594,0.0331404187497708
30.084765439755,0.157218167324271+6.11146920061452e-13i,11.9939813837828,0.0278795528121901
30.4806176165939,0.146390018585514+4.86500713494245e-13i,12.1517969283063,0.0233211478033053
30.8764697934327,0.136079440180964+3.77466665487805e-13i,12.3096124728297,0.0193966983274017
31.2723219702716,0.126282046863086+6.48217008054601e-13i,12.4674280173532,0.0160397615495833
31.6681741471105,0.116991602497584+1.05642649551455e-13i,12.6252435618767,0.0131867983757115
32.0640263239494,0.108200148650659+5.63819205655743e-13i,12.7830591064001,0.0107778412292924
32.4598785007883,0.0998981416148507+2.23934341192208e-13i,12.9408746509236,0.00875699052167273
32.8557306776272,0.092074593671522+2.00461578009186e-14i,13.098690195447,0.00707274790648685
33.251582854466,0.0847172202310402+2.93815929183667e-13i,13.2565057399705,0.00567819939089938
33.6474350313049,0.0778125884398542+7.24643942189985e-14i,13.4143212844939,0.00453106504264858
34.0432872081438,0.0713462665426298+1.47906983899118e-13i,13.5721368290174,0.00359363447514403
34.4391393849827,0.0653029734343669+3.13538730121252e-13i,13.7299523735409,0.00283260851806419
34.8349915618216,0.059666724589323+9.32434832614815e-15i,13.8877679180643,0.00221886757663476
35.2308437386604,0.0544209754672124+2.21198532951594e-13i,14.0455834625878,0.0017271863836531
35.6266959154993,0.0495487596663631+2.22708011337891e-13i,14.2033990071112,0.00133591328893383
36.0225480923382,0.0450328207232681+1.03917711473968e-13i,14.3612145516347,0.0010266301563033
36.4184002691771,0.0408557378707724+5.75902682574527e-14i,14.5190300961581,0.000783806557301045
36.814252446016,0.0370000431266636-8.77210571597484e-14i,14.6768456406816,0.000594459421172681
37.2101046228548,0.0334483305718085+1.57298883136396e-13i,14.8346611852051,0.000447826814901145
37.6059567996937,0.0301833567557163+1.59070029906323e-14i,14.9924767297285,0.000335062183884315
38.0018089765326,0.0271881313973859-9.0332578749211e-14i,15.150292274252,0.000248953279198702
38.3976611533715,0.0244459993163623+1.62197310064544e-14i,15.3081078187754,0.000183668190715807
38.7935133302104,0.0219407123239612+6.94723222291934e-14i,15.4659233632989,0.000134529407779149
39.1893655070493,0.0196564918753324+1.33792768164101e-13i,15.6237389078224,9.78156513639044e-05
39.5852176838881,0.0175780826104132+4.37697035760188e-14i,15.7815544523458,7.05903381829436e-05
39.981069860727,0.0156907964888065+7.40650122408745e-14i,15.9393699968693,5.05549172205736e-05
40.3769220375659,0.0139805486931849+3.16144730232548e-14i,16.0971855413927,3.5924927475044e-05
40.7727742144048,0.0124338850872807+4.60608456526939e-14i,16.2550010859162,2.53264176164363e-05
41.1686263912437,0.011038001958764+4.86933030590442e-14i,16.4128166304396,1.77103069793838e-05
41.5644785680825,0.00978075879999579+4.48456344706349e-14i,16.5706321749631,1.22823152278438e-05
41.9603307449214,0.0086506842378125+3.79664520382085e-14i,16.7284477194866,8.44621285120239e-06
42.3561829217603,0.00763697618967877+5.99965478411594e-14i,16.88626326401,5.75832063565518e-06
42.7520350985992,0.00672949660998441+2.2857253169661e-14i,17.0440788085335,3.89139085730611e-06
43.1478872754381,0.00591876140638765+4.44897871219948e-14i,17.2018943530569,2.6062199546767e-06
43.543739452277,0.00519592639056028+3.62821133378364e-14i,17.3597098975804,1.7295593058895e-06
43.9395916291158,0.00455276954466228+3.2761376666397e-14i,17.5175254421039,1.13709845139924e-06
44.3354438059547,0.00398167040029091+7.62797047128355e-15i,17.6753409866273,7.40488055202605e-07
44.7312959827936,0.00347558701793966+2.09335749856893e-14i,17.8331565311508,4.77544419512651e-07
45.1271481596325,0.00302803096725367+5.77110132051324e-15i,17.9909720756742,3.04931856644068e-07
45.5230003364714,0.00263304097390019+8.6320884310927e-15i,18.1487876201977,1.9275336747174e-07
45.9188525133102,0.00228515548706019+5.03462282270536e-15i,18.3066031647211,1.20594483483968e-07
46.3147046901491,0.0019793846539306+1.62074265159936e-14i,18.4644187092446,7.46611463140694e-08
46.710556866988,0.00171118206414518+4.85977950862349e-15i,18.6222342537681,4.57318100281001e-08
47.1064090438269,0.00147641648318653+5.66409072622685e-15i,18.7800497982915,2.77084844454873e-08
47.5022612206658,0.00127134395895188+5.9139747928523e-15i,18.937865342815,1.6603179435524e-08
47.8981133975046,0.00109258044926378+4.73133259029458e-15i,19.0956808873384,9.8370906258864e-09
48.2939655743435,0.000937075189639045+3.69855436868113e-15i,19.2534964318619,5.76170700332895e-09
48.6898177511824,0.000802084990950115+5.72118304875798e-15i,19.4113119763854,3.33546410296937e-09
49.0856699280213,0.00068514953548351+5.38571212194166e-15i,19.5691275209088,1.90806360512856e-09
49.4815221048602,0.000584067826983404+1.55527578508938e-15i,19.7269430654323,1.07837825845325e-09
49.877374281699,0.000496875835319138+1.8075909000782e-15i,19.8847586099557,6.02005797496882e-10
50.2732264585379,0.00042182538189043+2.32794386381151e-15i,20.0425741544792,3.31887140289603e-10
50.6690786353768,0.000357364318138801+1.26085324184089e-15i,20.2003896990026,1.80654445733178e-10
51.0649308122157,0.000302117973793917+2.41404666613406e-15i,20.3582052435261,9.70695427606735e-11
51.4607829890546,0.000254871890631126+1.44641809016473e-16i,20.5160207880496,5.14754778515106e-11
51.8566351658935,0.000214555814227743+8.24024717149005e-16i,20.673836332573,2.69343922005356e-11
52.2524873427323,0.000180228903885252+6.96748500035752e-16i,20.8316518770965,1.39030160185655e-11
52.6483395195712,0.000151066135202616+1.94119873530072e-15i,20.9894674216199,7.07800590909458e-12
53.0441916964101,0.000126345833322172+3.57290526149347e-16i,21.1472829661434,3.55318007819075e-12
53.440043873249,0.000105438290592686+1.17861070319701e-15i,21.3050985106668,1.75845638518251e-12
53.8358960500879,8.77954120306037e-05+6.82255052613941e-16i,21.4629140551903,8.57742824044981e-13
54.2317482269267,7.29413226053181e-05+3.7271908178669e-16i,21.6207295997138,4.12283598241147e-13
54.6276004037656,6.0463882385952e-05+3.96578301613858e-16i,21.7785451442372,1.9523163562636e-13
55.0234525806045,5.00070429078022e-05+2.39242229903409e-16i,21.9363606887607,9.10585086615455e-14
55.4193047574434,4.12639845416659e-05+2.23556345816051e-16i,22.0941762332841,4.18222551785719e-14
55.8151569342823,3.39709768783834e-05+4.65038299254557e-16i,22.2519917778076,1.89108320688215e-14
56.2110091111212,2.79019002399306e-05+1.99009024017624e-16i,22.4098073223311,8.41645371012095e-15
56.60686128796,2.28633750383398e-05+2.65952867186429e-16i,22.5676228668545,3.68605080094949e-15
57.0027134647989,1.86904438800871e-05+2.09276045491328e-16i,22.725438411378,1.58819880931417e-15
57.3985656416378,1.52427550892656e-05+1.0173180650924e-16i,22.8832539559014,6.73064699452835e-16
57.7944178184767,1.240120101759e-05+1.43687807987431e-16i,23.0410695004249,2.80487500721358e-16
58.1902699953156,1.00649646505857e-05+1.33436956360863e-16i,23.1988850449483,1.14913392305546e-16
58.5861221721544,8.14893363231447e-06+5.47592970989272e-17i,23.3567005894718,4.62725272336445e-17
58.9819743489933,6.58144268955078e-06+5.46954250317644e-17i,23.5145161339953,1.83090398644229e-17
59.3778265258322,5.30230835909158e-06+4.4056216725037e-17i,23.6723316785187,7.11690807490615e-18
59.7736787026711,4.26112389509971e-06+3.5478780581041e-17i,23.8301472230422,2.71702454434721e-18
60.16953087951,3.41578391565113e-06+3.57264130019345e-17i,23.9879627675656,1.01850811607524e-18
60.5653830563488,2.73121190608796e-06+4.06639974830209e-17i,24.1457783120891,3.74796721588972e-19
60.9612352331877,2.17826604212605e-06+2.14717707512068e-17i,24.3035938566126,1.35356271411408e-19
61.3570874100266,1.7328010093219e-06+1.03371981495379e-17i,24.461409401136,4.79625831918111e-20
61.7529395868655,1.3748662249573e-06+1.45707247955319e-17i,24.6192249456595,1.6670857019873e-20
62.1487917637044,1.08802258595496e-06+1.26609992476712e-17i,24.7770404901829,5.68242067487218e-21
62.5446439405433,8.5876202499214e-07+8.6413428487252e-18i,24.9348560347064,1.89896589394781e-21
62.9404961173821,6.76015961603344e-07+9.23679638543782e-18i,25.0926715792298,6.22009230169941e-22
63.336348294221,5.30740238860385e-07+4.44041491142138e-18i,25.2504871237533,1.99645372153729e-22
63.7322004710599,4.15565783019183e-07+6.24252185086723e-18i,25.4083026682768,6.27755618685093e-23
64.1280526478988,3.24505462673873e-07+2.57717279292507e-18i,25.5661182128002,1.93319836748633e-23
64.5239048247377,2.52708863802022e-07+3.81331293758648e-18i,25.7239337573237,5.82909997767895e-24
64.9197570015765,1.9625781057957e-07+2.52774647609678e-18i,25.8817493018471,1.720481478562e-24
65.3156091784154,1.51996371973475e-07+2.02314224278655e-18i,26.0395648463706,4.9694161588161e-25
65.7114613552543,1.17389995036159e-07+8.72001142551589e-19i,26.1973803908941,1.40426920635526e-25
66.1073135320932,9.04091410203007e-08+8.4402952450722e-19i,26.3551959354175,3.88120963992703e-26
66.5031657089321,6.94334601307816e-08+9.35966386274317e-19i,26.513011479941,1.04890692694885e-26
66.8990178857709,5.31731393062888e-08+3.06206864531663e-19i,26.6708270244644,2.771026261743e-27
67.2948700626098,4.0604545557347e-08+3.20406559212987e-19i,26.8286425689879,7.15415249126799e-28
67.6907222394487,3.09177373171113e-08+4.99382262612761e-19i,26.9864581135113,1.80455010711761e-28
68.0865744162876,2.34737945110593e-08+2.06489925936299e-19i,27.1442736580348,4.44581669206715e-29
68.4824265931265,1.77702401149898e-08+1.17638501617885e-19i,27.3020892025583,1.06950784813171e-29
68.8782787699654,1.34131123074591e-08+2.42265261422671e-19i,27.4599047470817,2.51155961862276e-30
69.2741309468042,1.00944804114861e-08+2.00186402932901e-19i,27.6177202916052,5.75581315244526e-31
69.6699831236431,7.57440289213786e-09+1.01331296595572e-19i,27.7755358361286,1.28691380331749e-31
70.065835300482,5.66649815879199e-09+6.66582486498327e-20i,27.9333513806521,2.80638348337385e-32
70.4616874773209,4.22644204660828e-09+4.77198869959635e-20i,28.0911669251755,5.96724508391298e-33
70.8575396541598,3.14282939915189e-09+3.19043054822864e-20i,28.248982469699,1.23681249899738e-33
71.2533918309986,2.3299378524539e-09+2.08391363796064e-20i,28.4067980142225,2.49810175453375e-34
71.6492440078375,1.72201697731763e-09+1.84426746092019e-20i,28.5646135587459,4.91547054703181e-35
72.0450961846764,1.2687966264343e-09+2.10376478051428e-20i,28.7224291032694,9.41977528430886e-36
72.4409483615153,9.31965928620194e-10+1.30462732605811e-20i,28.8802446477928,1.75754932328984e-36
72.8368005383542,6.82422650433153e-10+6.24438141171527e-21i,29.0380601923163,3.19180541783218e-37
73.232652715193,4.98131682577468e-10+4.00610025820182e-21i,29.1958757368398,5.64023086625225e-38
73.6285048920319,3.62463424093775e-10+5.63341275385617e-21i,29.3536912813632,9.69522582590127e-39
74.0243570688708,2.62909011645747e-10+1.42930667536549e-21i,29.5115068258867,1.62064482920803e-39
74.4202092457097,1.90090315651079e-10+3.10589145873647e-22i,29.6693223704101,2.63362684076382e-40
74.8160614225486,1.36999734175559e-10+1.12371447040682e-21i,29.8271379149336,4.15933607808927e-41
75.2119135993874,9.84184816793013e-11+4.97926124311533e-22i,29.984953459457,6.38209676647012e-42
75.6077657762263,7.04730053711138e-11+1.06529197366108e-21i,30.1427690039805,9.51125611967584e-43
76.0036179530652,5.02979308329491e-11+4.20373136932002e-22i,30.300584548504,1.37629748515804e-43
76.3994701299041,3.57808496554785e-11+1.45941290405422e-22i,30.4584000930274,1.93308450213474e-44
76.795322306743,2.53697618757966e-11+5.29936178934792e-22i,30.6162156375509,2.63461332322888e-45
77.1911744835818,1.79283104775241e-11+2.96751830243651e-22i,30.7740311820743,3.483158167432e-46
77.5870266604207,1.2627331826134e-11+1.52875636995424e-22i,30.9318467265978,4.46562063578951e-47
77.9828788372596,8.86390522698584e-12+1.83343701036225e-22i,31.0896622711213,5.55014243652766e-48
78.3787310140985,6.20114568484559e-12+7.59540295061168e-23i,31.2474778156447,6.68499004922087e-49
78.7745831909374,4.32358619759596e-12+8.09979665893871e-23i,31.4052933601682,7.800666284652e-50
79.1704353677763,3.00423368984556e-12+3.2915699499465e-23i,31.5631089046916,8.8156877553478e-51
79.5662875446151,2.08033251320345e-12+1.42739542073228e-23i,31.7209244492151,9.64567977941383e-52
79.962139721454,1.43559953206939e-12+8.27915898902163e-24i,31.8787399937385,1.02145560743418e-52
80.3579918982929,9.87250653581441e-13+1.05062922436203e-23i,32.036555538262,1.04658221867289e-53
80.7538440751318,6.76561351341877e-13+1.07957858777188e-23i,32.1943710827855,1.03717225096534e-54
81.1496962519707,4.62024114217926e-13+7.42822678123221e-24i,32.3521866273089,9.93820373508199e-56
81.5455484288096,3.14406764114532e-13+7.19910593789025e-24i,32.5100021718324,9.20448435494503e-57
81.9414006056484,2.13196943441583e-13+1.77492379543865e-24i,32.6678177163558,8.23720713459564e-58
82.3372527824873,1.44053564530068e-13-7.25546417623115e-25i,32.8256332608793,7.12037985181056e-59
82.7331049593262,9.6986898792509e-14+2.14090608497413e-24i,32.9834488054028,5.94322251500325e-60
83.1289571361651,6.50639245665737e-14+1.48106672579204e-24i,33.1412643499262,4.78838181431106e-61
83.524809313004,4.34908261662702e-14+7.85322838285406e-25i,33.2990798944497,3.72267493244357e-62
83.9206614898428,2.89652563010583e-14+2.82178556330924e-25i,33.4568954389731,2.79172042082901e-63
84.3165136666817,1.92208025159817e-14+3.59664555808877e-25i,33.6147109834966,2.01878192543748e-64
84.7123658435206,1.27078531819072e-14+9.64793875302512e-26i,33.77252652802,1.407204060949e-65
85.1082180203595,8.37088743810734e-15+5.76190549423485e-26i,33.9303420725435,9.45200084172386e-67
85.5040701971984,5.49365745953202e-15+6.18786824683189e-26i,34.088157617067,6.11557841689593e-68
85.8999223740372,3.59198512646058e-15+3.08293090953116e-26i,34.2459731615904,3.81018320682578e-69
86.2957745508761,2.33982019764481e-15+4.00713807786252e-26i,34.4037887061139,2.28504852584491e-70
86.691626727715,1.51843977994277e-15+1.78035541532107e-26i,34.5616042506373,1.31865827799102e-71
87.0874789045539,9.81684467194691e-16+9.96985927086215e-27i,34.7194197951608,7.31984175814534e-73
87.4833310813928,6.32262847682492e-16+7.44751430894295e-27i,34.8772353396842,3.90704425801708e-74
87.8791832582316,4.05664439620082e-16-1.63988513418525e-27i,35.0350508842077,2.00454635017457e-75
88.2750354350705,2.59281714007143e-16+2.49573574199609e-27i,35.1928664287312,9.88207694016305e-77
88.6708876119094,1.65083876663057e-16+7.92064785377607e-28i,35.3506819732546,4.67936842847992e-78
89.0667397887483,1.04702582365867e-16+1.26068638340777e-27i,35.5084975177781,2.12752638787731e-79
89.4625919655872,6.61488419590325e-17-7.23477333899442e-28i,35.6663130623015,9.28437131480463e-81
89.8584441424261,4.16285581559103e-17-4.17610383001114e-28i,35.824128606825,3.88740960569015e-82
90.2542963192649,2.60949770172734e-17-1.04190842644103e-28i,35.9819441513485,1.56112646997775e-83
90.6501484961038,1.62933751848229e-17+7.33567895949877e-29i,36.1397596958719,6.01069762139318e-85
91.0460006729427,1.01331844190147e-17-9.06532654630562e-29i,36.2975752403954,2.21798705904261e-86
91.4418528497816,6.27702346255075e-18+4.13949626788705e-29i,36.4553907849188,7.84111991932574e-88
91.8377050266205,3.87281403312477e-18-3.87873135456915e-29i,36.6132063294423,2.65472213552725e-89
92.2335572034593,2.37988948066751e-18-1.03814740256096e-29i,36.7710218739657,8.60435179234891e-91
92.6294093802982,1.45658679366084e-18-4.03339868630223e-30i,36.9288374184892,2.66876838663272e-92
93.0252615571371,8.87886705949882e-19-1.57237297790424e-29i,37.0866529630127,7.91830222820959e-94
93.421113733976,5.39029489696656e-19-4.80752999876249e-30i,37.2444685075361,2.24654877199161e-95
93.8169659108149,3.2590683492e-19+2.48838455480343e-30i,37.4022840520596,6.0925014596382e-97
94.2128180876537,1.96242272236118e-19-2.83990302991896e-30i,37.560099596583,1.57871657194809e-98
94.6086702644926,1.17679821772764e-19-2.96530632327774e-31i,37.7179151411065,3.90727027010267e-100
95.0045224413315,7.02771224949905e-20-1.00785558570794e-30i,37.87573068563,9.23282957017377e-102
95.4003746181704,4.1794647049978e-20+4.57562262595968e-33i,38.0335462301534,2.08218295262084e-103
95.7962267950093,2.47522266372243e-20+1.55873464912745e-31i,38.1913617746769,4.479768553345e-105
96.1920789718482,1.4597786137245e-20-3.76358230060351e-32i,38.3491773192003,9.19124003397409e-107
96.587931148687,8.57296470570432e-21+7.68191157255765e-33i,38.5069928637238,1.79764114064296e-108
96.9837833255259,5.01347196400898e-21-2.30292057119323e-32i,38.6648084082472,3.35019484455864e-110
97.3796355023648,2.91945552251318e-21-3.38070727242994e-32i,38.8226239527707,5.94706142741736e-112
97.7754876792037,1.69282889420775e-21-3.36382935545115e-33i,38.9804394972942,1.00513984518346e-113
98.1713398560426,9.77382132219044e-22-9.87317437482255e-33i,39.1382550418176,1.61684345553728e-115
98.5671920328815,5.61885818967723e-22-2.72543642426945e-33i,39.2960705863411,2.47429733207569e-117
98.9630442097203,3.21629817702728e-22+1.39372660373332e-33i,39.4538861308645,3.60082936212024e-119
99.3588963865592,1.83307952475414e-22+2.00885454337478e-33i,39.611701675388,4.98130969777819e-121
99.7547485633981,1.04019628232136e-22+5.44319427981227e-34i,39.7695172199114,6.54783611815865e-123
100.150600740237,5.87692966136533e-23+1.45566404389659e-35i,39.9273327644349,8.17499543350262e-125
100.546452917076,3.30581932235933e-23-1.18298066902242e-34i,40.0851483089584,9.69023253269935e-127
100.942305093915,1.85137069297083e-23-2.13633708442562e-34i,40.2429638534818,1.09008068286341e-128
101.338157270754,1.03225150841295e-23-9.33779777868249e-35i,40.4007793980053,1.16327113426625e-130
101.734009447592,5.72990956984745e-24+2.2270889393677e-35i,40.5585949425287,1.17711940864888e-132
102.129861624431,3.16644782547778e-24-2.11432113407567e-35i,40.7164104870522,1.12900546984694e-134
102.52571380127,1.74201327487566e-24+6.33601089994439e-36i,40.8742260315757,1.02594840444537e-136
102.921565978109,9.54063704110157e-25-6.9229712345335e-36i,41.0320415760991,8.82929924150141e-139
103.317418154948,5.20166414854548e-25-8.31260009526544e-36i,41.1898571206226,7.19307818894934e-141
103.713270331787,2.82317954783822e-25-4.57439551411416e-36i,41.347672665146,5.54507012003521e-143
104.109122508626,1.52531023550545e-25-2.4529299659454e-36i,41.5054882096695,4.04313464864845e-145
104.504974685465,8.20339455640692e-26+4.17828907475466e-37i,41.6633037541929,2.78716544870283e-147
104.900826862304,4.3917437296998e-26-8.21456514154688e-37i,41.8211192987164,1.81574332997655e-149
105.296679039142,2.34034882160059e-26+1.82344367410725e-37i,41.9789348432399,1.11739418026823e-151
105.692531215981,1.24141403761161e-26+5.80805378676862e-38i,42.1367503877633,6.49278417669629e-154
106.08838339282,6.55446751140418e-27-1.05567493569182e-37i,42.2945659322868,3.56073633560655e-156
106.484235569659,3.44457087450734e-27-4.34380803635731e-39i,42.4523814768102,1.84223030249229e-158
106.880087746498,1.80178112760454e-27-2.45574898973937e-39i,42.6101970213337,8.98780312938617e-161
107.275939923337,9.38059504395879e-28+1.41041187569396e-39i,42.7680125658572,4.13312241483603e-163
107.671792100176,4.86085245548418e-28-4.16129677911926e-39i,42.9258281103806,1.79071691065633e-165
108.067644277015,2.50691980586479e-28+1.60763980062023e-39i,43.0836436549041,7.30647177057598e-168
108.463496453853,1.2867869449904e-28-8.40069555829355e-40i,43.2414591994275,2.80626093521247e-170
108.859348630692,6.57360056574287e-29-5.31910932886716e-40i,43.399274743951,1.01413251846586e-172
109.255200807531,3.34212502820397e-29-7.51328870264396e-41i,43.5570902884744,3.44678135934235e-175
109.65105298437,1.69105232852729e-29-5.36592063333838e-41i,43.7149058329979,1.10126155302141e-177
110.046905161209,8.51527419058835e-30-8.035500525205e-41i,43.8727213775214,3.30620349424038e-180
110.442757338048,4.26716778705251e-30-4.16676258020176e-41i,44.0305369220448,9.32255566515833e-183
110.838609514887,2.12800458935251e-30-1.5586310896624e-41i,44.1883524665683,2.46779983059969e-185
111.234461691726,1.05606201460167e-30-4.30928841277456e-42i,44.3461680110917,6.12995027174484e-188
111.630313868565,5.21533928263165e-31-7.61130551619927e-42i,44.5039835556152,1.42816333761743e-190
112.026166045403,2.5629743785951e-31+2.96982804339751e-42i,44.6617991001387,3.11941996022869e-193
112.422018222242,1.25333388189331e-31-4.70020637040132e-43i,44.8196146446621,6.38477028670544e-196
112.817870399081,6.09877178542078e-32-4.32801230866236e-43i,44.9774301891856,1.22402952116503e-198
113.21372257592,2.95299929236754e-32-1.23761848178178e-43i,45.135245733709,2.19691226896311e-201
113.609574752759,1.42272816501082e-32+1.39637995057321e-43i,45.2930612782325,3.6898274507817e-204
114.005426929598,6.82040896781319e-33-4.53946867185049e-44i,45.4508768227559,5.79654932733104e-207
114.401279106437,3.25327725841309e-33+2.63062867277247e-44i,45.6086923672794,8.51334158568832e-210
114.797131283276,1.54399604748854e-33+8.47107168833749e-45i,45.7665079118029,1.16840614504299e-212
115.192983460114,7.29084753126872e-34-2.32987186937685e-44i,45.9243234563263,1.49777425043445e-215
115.588835636953,3.42538069940572e-34+4.67628113001162e-45i,46.0821390008498,1.79247224641546e-218
115.984687813792,1.60114607400561e-34+3.47652996707578e-45i,46.2399545453732,2.00173309224392e-221
116.380539990631,7.44623297859405e-35-5.56218800707299e-46i,46.3977700898967,2.08497542080229e-224
116.77639216747,3.44522920887778e-35-3.35642332443938e-46i,46.5555856344201,2.02455434778552e-227
117.172244344309,1.58587057190281e-35-3.28154593953932e-46i,46.7134011789436,1.83182362528629e-230
117.568096521148,7.26235974496222e-36-7.71532754340293e-47i,46.8712167234671,1.54367144014074e-233
117.963948697987,3.30857099694979e-36-1.20667185164911e-47i,47.0290322679905,1.2109707622411e-236
118.359800874826,1.49950571914638e-36-2.10491950244914e-47i,47.186847812514,8.8391376411448e-240
118.755653051664,6.7607214728714e-37-7.6093883180956e-48i,47.3446633570374,6.00029711522718e-243
