xval 2D,yval 2D,xval 3D,yval 3D
0.0791704353677763,1.19082390076715e-06-1.38626390164688e-18i,0.0315631089046916,2.29824312898808e-08
0.118755653051664,3.17553007043549e-06-3.69511434240046e-18i,0.0473446633570374,8.27367525740672e-08
0.158340870735553,5.95411768619426e-06-6.9293356275601e-18i,0.0631262178093833,1.97648908488095e-07
0.197926088419441,9.5265851587772e-06-1.10922084348711e-17i,0.0789077722617291,3.86104842693797e-07
0.237511306103329,1.3892929877155e-05-1.61578190107666e-17i,0.0946893267140749,6.66490496656012e-07
0.277096523787217,1.9053147953103e-05-2.21443863319805e-17i,0.110470881166421,1.05719180764919e-06
0.316681741471105,2.50072339657739e-05-2.90946423071144e-17i,0.126252435618767,1.5765947058014e-06
0.356266959154993,3.17551807062723e-05-3.69936992115494e-17i,0.142033990071112,2.24308510998318e-06
0.395852176838881,3.92969789222359e-05-4.57122466287858e-17i,0.157815544523458,3.07504892234877e-06
0.435437394522769,4.76326170624223e-05-5.5372252976852e-17i,0.173597098975804,4.09087202133719e-06
0.475022612206658,5.67620810213041e-05-6.57624050847585e-17i,0.18937865342815,5.30894025294053e-06
0.514607829890546,6.66853538836807e-05-7.76607444328469e-17i,0.205160207880496,6.74763942004722e-06
0.554193047574434,7.74024156692965e-05-8.98072186292771e-17i,0.220941762332841,8.42535526966734e-06
0.593778265258322,8.89132430774829e-05-1.03491410415062e-16i,0.236723316785187,1.0360473477848e-05
0.63336348294221,0.000101217809231818-1.17475593202478e-16i,0.252504871237533,1.25713796320854e-05
0.672948700626098,0.000114316083424806-1.32506600450306e-16i,0.268286425689879,1.50764592110427e-05
0.712533918309986,0.00012820803086259-1.49637089012844e-16i,0.284067980142225,1.78940975613788e-05
0.752119135993874,0.000142893612409689-1.65353747600814e-16i,0.29984953459457,2.10426798714978e-05
0.791704353677763,0.000158372784333769-1.82905623850388e-16i,0.315631089046916,2.45405911420254e-05
0.831289571361651,0.00017464549805046-2.02158680312022e-16i,0.331412643499262,2.84062161528203e-05
0.870874789045539,0.000191711699868206-2.21698128127382e-16i,0.347194197951608,3.26579394263272e-05
0.910460006729427,0.000209571330733162-2.42803547374221e-16i,0.362975752403954,3.73141451870808e-05
0.950045224413315,0.000228224325974158-2.65819359170443e-16i,0.378757306856299,4.2393217317166e-05
0.989630442097203,0.00024767061504771-2.86897822499398e-16i,0.394538861308645,4.79135393074436e-05
1.02921565978109,0.000267910121288914-3.1316168851314e-16i,0.410320415760991,5.38934942044338e-05
1.06880087746498,0.000288942761657442-3.33774164976822e-16i,0.426101970213337,6.03514645525139e-05
1.10838609514887,0.000310768446445204-3.58068121536453e-16i,0.441883524665683,6.73058323307557e-05
1.14797131283276,0.000333387079069432-3.81811313183992e-16i,0.457665079118029,7.47749788859464e-05
1.18755653051664,0.000356798555801576-4.11400281454791e-16i,0.473446633570374,8.27772848595163e-05
1.22714174820053,0.000381002765512856-4.39893638695299e-16i,0.48922818802272,9.13311301093157e-05
1.26672696588442,0.000405999589419853-4.67843762238638e-16i,0.505009742475066,0.000100454893625809
1.30631218356831,0.000431788900830176-4.95944331025039e-16i,0.520791296927412,0.000110166953442494
1.3458974012522,0.000458370564888273-5.29614213049475e-16i,0.536572851379758,0.000120485686540363
1.38548261893608,0.000485744438321252-5.61458277353533e-16i,0.552354405832103,0.000131429468746191
1.42506783661997,0.000513910369184881-6.01272678554488e-16i,0.568135960284449,0.000143016674624492
1.46465305430386,0.000542868196609774-6.13191221578808e-16i,0.583917514736795,0.000155265677362917
1.50423827198775,0.000572617750547536-6.55775103695439e-16i,0.599699069189141,0.000168194848650929
1.54382348967164,0.000603158851517192-6.87680491680811e-16i,0.615480623641487,0.000181822558551546
1.58340870735553,0.00063449131034388-7.21404104201354e-16i,0.631262178093833,0.000196167175365959
1.62299392503941,0.000666614927912502-7.60347758104632e-16i,0.647043732546178,0.000211247065490844
1.6625791427233,0.000699529494919033-8.1303767076233e-16i,0.662825286998524,0.000227080593268192
1.70216436040719,0.000733234791614435-8.52811934925211e-16i,0.67860684145087,0.000243686120827432
1.74174957809108,0.000767730587553536-9.03286559411984e-16i,0.694388395903216,0.000261082007919673
1.78133479577497,0.000803016641341583-9.00211566719317e-16i,0.710169950355562,0.000279286611743868
1.82092001345885,0.000839092700380766-9.64383566144841e-16i,0.725951504807907,0.000298318286764719
1.86050523114274,0.000875958500620107-1.02046184930228e-15i,0.741733059260253,0.000318195384522107
1.90009044882663,0.000913613766302782-1.06802213850932e-15i,0.757514613712599,0.000338936253431899
1.93967566651052,0.000952058209713344-1.11978015715748e-15i,0.773296168164945,0.000360559238577887
1.97926088419441,0.000991291530928309-1.14419556952335e-15i,0.789077722617291,0.000383082681494721
2.0188461018783,0.0010313134175641-1.17702100946585e-15i,0.804859277069636,0.000406524919941608
2.05843131956218,0.00107212354453527-1.24966786521082e-15i,0.820640831521982,0.000430904287667271
2.09801653724607,0.00111372157380905-1.2834340689948e-15i,0.836422385974328,0.000456239114164718
2.13760175492996,0.00115610715408393-1.30087736474296e-15i,0.852203940426674,0.000482547724412064
2.17718697261385,0.00119927992062984-1.34844659799367e-15i,0.86798549487902,0.000509848438612716
2.21677219029774,0.00124323949500756-1.39193211307677e-15i,0.883767049331366,0.000538159571918202
2.25635740798162,0.00128798548481891-1.49837766623947e-15i,0.899548603783711,0.000567499434142558
2.29594262566551,0.00133351748345713-1.50227276390432e-15i,0.915330158236057,0.000597886329466178
2.3355278433494,0.00137983506986018-1.54763427545174e-15i,0.931111712688403,0.000629338556128925
2.37511306103329,0.00142693780826224-1.56715067133828e-15i,0.946893267140749,0.000661874406112315
2.41469827871718,0.00147482524794459-1.65710808983434e-15i,0.962674821593095,0.000695512164810591
2.45428349640106,0.00152349692299068-1.73852352650954e-15i,0.97845637604544,0.000730270110690493
2.49386871408495,0.00157295235203855-1.7819467406092e-15i,0.994237930497786,0.000766166514939547
2.53345393176884,0.00162319103803306-1.86650239642813e-15i,1.01001948495013,0.00080321964110267
2.57303914945273,0.00167421246798235-1.9202707202005e-15i,1.02580103940248,0.000841447744706922
2.61262436713662,0.00172601611271121-1.97692551137243e-15i,1.04158259385482,0.000880869072874201
2.6522095848205,0.00177860142661518-1.98097340464191e-15i,1.05736414830717,0.000921501863921713
2.69179480250439,0.00183196784741798-2.02485082234342e-15i,1.07314570275952,0.000963364346950014
2.73138002018828,0.00188611479592681-2.15293123045466e-15i,1.08892725721186,0.00100647474141845
2.77096523787217,0.00194104167578195-2.19059608212317e-15i,1.10470881166421,0.00105085125670782
2.81055045555606,0.00199674787320845-2.17027551265467e-15i,1.12049036611655,0.00109651209166996
2.85013567323995,0.00205323275679444-2.2265417936984e-15i,1.1362719205689,0.00114347543416435
2.88972089092383,0.00211049567723947-2.35885831628658e-15i,1.15205347502124,0.0011917594605813
2.92930610860772,0.00216853596711903-2.34567258741702e-15i,1.16783502947359,0.00124138233535155
2.96889132629161,0.00222735294063854-2.54503521998862e-15i,1.18361658392594,0.00129236221044234
3.0084765439755,0.00228694589339575-2.41424481950102e-15i,1.19939813837828,0.00134471722483936
3.04806176165939,0.00234731410213976-2.5537302485022e-15i,1.21517969283063,0.00139846550401485
3.08764697934327,0.00240845682455205-2.55036991308312e-15i,1.23096124728297,0.00145362515938796
3.12723219702716,0.00247037329901133-2.7683331477718e-15i,1.24674280173532,0.00151021428774665
3.16681741471105,0.00253306274425355-2.69884215768913e-15i,1.26252435618767,0.00156825097068524
3.20640263239494,0.00259652435926066-2.90302877896633e-15i,1.27830591064001,0.00162775327401451
3.24598785007883,0.00266075732298124-2.84822863299275e-15i,1.29408746509236,0.00168873924715449
3.28557306776272,0.00272576079409196-3.00978676286594e-15i,1.3098690195447,0.00175122692251434
3.3251582854466,0.00279153391076735-3.18336537641461e-15i,1.32565057399705,0.00181523431485689
3.36474350313049,0.0028580757904437-3.17376662267079e-15i,1.34143212844939,0.00188077942064767
3.40432872081438,0.00292538552958715-3.12868736223172e-15i,1.35721368290174,0.00194788021738837
3.44391393849827,0.0029934622034583-3.3877936092041e-15i,1.37299523735409,0.00201655466293431
3.48349915618216,0.00306230486587236-3.50284740691105e-15i,1.38877679180643,0.00208682069479603
3.52308437386604,0.00313191254900614-3.44968947302812e-15i,1.40455834625878,0.00215869622942467
3.56266959154993,0.00320228426306226-3.63349277992873e-15i,1.42033990071112,0.00223219916148106
3.60225480923382,0.00327341899625107-3.50735177489908e-15i,1.43612145516347,0.0023073473630882
3.64184002691771,0.00334531571434994-3.81786566430848e-15i,1.45190300961581,0.00238415868306718
3.6814252446016,0.00341797336058262-3.58139668709658e-15i,1.46768456406816,0.00246265094615613
3.72101046228548,0.00349139085537236-3.85368744070557e-15i,1.48346611852051,0.00254284195221223
3.76059567996937,0.00356556709611527-4.02184162481946e-15i,1.49924767297285,0.00262474947539653
3.80018089765326,0.00364050095695912-4.15763119114487e-15i,1.5150292274252,0.00270839126334137
3.83976611533715,0.00371619128857808-4.27270199797029e-15i,1.53081078187754,0.00279378503630042
3.87935133302104,0.0037926369179494-3.92272755078115e-15i,1.54659233632989,0.00288094848628086
3.91893655070493,0.0038698366481135-4.22720957903172e-15i,1.56237389078224,0.00296989927615786
3.95852176838881,0.00394778925798613-3.99647877576601e-15i,1.57815544523458,0.00306065503877117
3.9981069860727,0.00402649350212857-4.31279477377668e-15i,1.59393699968693,0.00315323337600344
4.03769220375659,0.00410594811057129-4.37623553239618e-15i,1.60971855413927,0.00324765185784038
4.07727742144048,0.00418615178843224-4.58986952748787e-15i,1.62550010859162,0.00334392802141235
4.11686263912437,0.00426710321604471-4.63979027869234e-15i,1.64128166304396,0.00344207937003318
4.15644785680825,0.00434880104837517-4.69887186247733e-15i,1.65706321749631,0.00354212337216307
4.19603307449214,0.0044312439150089-5.01145823083952e-15i,1.67284477194866,0.00364407746042452
4.23561829217603,0.00451443041978185-5.17154950227061e-15i,1.688626326401,0.00374795903056903
4.27520350985992,0.00459835914087394-5.30423646521921e-15i,1.70440788085335,0.00385378544041911
4.31478872754381,0.00468302863031525-4.97765790285912e-15i,1.72018943530569,0.00396157400879618
4.35437394522769,0.00476843741375599-5.70932113460614e-15i,1.73597098975804,0.00407134201442897
4.39395916291158,0.00485458399058881-5.62079944435132e-15i,1.75175254421039,0.00418310669484231
4.43354438059547,0.00494146683338929-5.39096450644796e-15i,1.76753409866273,0.00429688524522622
4.47312959827936,0.00502908438788399-5.74107526856175e-15i,1.78331565311508,0.00441269481728507
4.51271481596325,0.00511743507271937-5.65556018158475e-15i,1.79909720756742,0.00453055251806681
4.55230003364713,0.00520651727925789-6.02321520462545e-15i,1.81487876201977,0.00465047540877193
4.59188525133102,0.00529632937137834-5.73249918595293e-15i,1.83066031647211,0.00477248050354233
4.63147046901491,0.00538686968516411-5.90803068322418e-15i,1.84644187092446,0.00489658476822959
4.6710556866988,0.00547813652921669-6.10589619305793e-15i,1.86222342537681,0.00502280511914272
4.71064090438269,0.00557012818346393-5.7411527148738e-15i,1.87800497982915,0.00515115842177556
4.75022612206658,0.00566284289988092-6.12085711906906e-15i,1.8937865342815,0.00528166148951326
4.78981133975046,0.00575627890227683-6.32728440035039e-15i,1.90956808873384,0.00541433108231787
4.82939655743435,0.00585043438523017-6.50750708857073e-15i,1.92534964318619,0.00554918390539299
4.86898177511824,0.0059453075148167-6.76299369022622e-15i,1.94113119763854,0.00568623660782725
4.90856699280213,0.00604089642821934-6.73367190964989e-15i,1.95691275209088,0.00582550578121667
4.94815221048602,0.00613719923306216-6.55518445744416e-15i,1.97269430654323,0.00596700795826556
4.9877374281699,0.00623421400778279-6.16968057513581e-15i,1.98847586099557,0.00611075961136602
5.02732264585379,0.00633193880120322-6.85020627956928e-15i,2.00425741544792,0.0062567771511561
5.06690786353768,0.00643037163243357-6.94532914853201e-15i,2.02003896990026,0.00640507692505635
5.10649308122157,0.00652951049049958-6.70523139658547e-15i,2.03582052435261,0.00655567521578453
5.14607829890546,0.00662935333464616-6.87253402484955e-15i,2.05160207880496,0.00670858823987936
5.18566351658935,0.00672989809357343-6.61686526008831e-15i,2.0673836332573,0.00686383214609071
5.22524873427323,0.00683114266556994-6.21694315222221e-15i,2.08316518770965,0.00702142301388856
5.26483395195712,0.00693308491832184-6.7679579576837e-15i,2.09894674216199,0.00718137685189046
5.30441916964101,0.0070357226887166-7.16403678697783e-15i,2.11472829661434,0.00734370959625647
5.3440043873249,0.00713905378267432-7.74459142733331e-15i,2.13050985106668,0.00750843710907185
5.38358960500879,0.00724307597498088-7.84409829246496e-15i,2.14629140551903,0.0076755751767076
5.42317482269267,0.00734778700911447-6.7070808591666e-15i,2.16207295997138,0.00784513950815842
5.46276004037656,0.00745318459710218-7.92117517195201e-15i,2.17785451442372,0.00801714573335865
5.50234525806045,0.00755926641936343-7.43096177961615e-15i,2.19363606887607,0.00819160940147555
5.54193047574434,0.00766603012454872-7.62003776798596e-15i,2.20941762332841,0.00836854597918014
5.58151569342823,0.00777347332938574-7.76396048616191e-15i,2.22519917778076,0.00854797084889539
5.62110091111211,0.00788159361851534-7.92635399863522e-15i,2.24098073223311,0.00872989930702188
5.660686128796,0.00799038854435953-8.45527620281614e-15i,2.25676228668545,0.00891434656214071
5.70027134647989,0.00809985562695367-7.95055404264985e-15i,2.2725438411378,0.00910132773319381
5.73985656416378,0.00820999235380456-8.33586218835609e-15i,2.28832539559014,0.00929085784764146
5.77944178184767,0.00832079617972446-8.74811445089531e-15i,2.30410695004249,0.00948295183959688
5.81902699953156,0.00843226452671148-7.55322507947631e-15i,2.31988850449483,0.00967762454793814
5.85861221721544,0.00854439478380844-7.78839606814816e-15i,2.33567005894718,0.00987489071439762
5.89819743489933,0.00865718430699692-9.04286385071881e-15i,2.35145161339953,0.0100747649816283
5.93778265258322,0.00877063041900157-7.35096660488995e-15i,2.36723316785187,0.0102772618912475
5.97736787026711,0.0088847304092076-9.08521299589381e-15i,2.38301472230422,0.0104823958818571
6.016953087951,0.00899948153348787-8.85622918522456e-15i,2.39879627675656,0.0106901812870419
6.05653830563488,0.00911488101407378-8.24453004554759e-15i,2.41457783120891,0.0109006323333441
6.09612352331877,0.00923092603946799-9.19983633695069e-15i,2.43035938566126,0.0111137631382153
6.13570874100266,0.00934761376433508-8.91390469721688e-15i,2.4461409401136,0.0113295877079642
6.17529395868655,0.0094649413093457-9.34465690306276e-15i,2.46192249456595,0.0115481199356627
6.21487917637044,0.00958290576119455-8.98922308589085e-15i,2.47770404901829,0.011769373598926
6.25446439405432,0.00970150417203449-9.02123005224338e-15i,2.49348560347064,0.0119933623579114
6.29404961173821,0.00982073355987711-1.12338478636471e-14i,2.50926715792298,0.0122200997531048
6.3336348294221,0.00994059090845461-1.0619815724056e-14i,2.52504871237533,0.0124495992031362
6.37322004710599,0.0100610731665797-9.47749725779997e-15i,2.54083026682768,0.0126818740025732
6.41280526478988,0.0101821772486329-1.11140903948876e-14i,2.55661182128002,0.0129169373196907
6.45239048247377,0.010303900034182-1.22471025359106e-14i,2.57239337573237,0.0131548021942192
6.49197570015765,0.0104262383678604-1.02041703093131e-14i,2.58817493018471,0.01339548153507
6.53156091784154,0.0105491890595507-1.14488954121404e-14i,2.60395648463706,0.013638988118038
6.57114613552543,0.0106727488837517-1.06286225728783e-14i,2.6197380390894,0.0138853345834827
6.61073135320932,0.0107969145799414-9.91014587019995e-15i,2.63551959354175,0.0141345334339856
6.65031657089321,0.0109216828525178-1.36796433131811e-14i,2.6513011479941,0.0143865970319876
6.68990178857709,0.0110470503702414-1.19163418978007e-14i,2.66708270244644,0.0146415375974023
6.72948700626098,0.0111730137666235-1.19927941254738e-14i,2.68286425689879,0.014899367205209
6.76907222394487,0.0112995696398517-1.19836557306568e-14i,2.69864581135113,0.0151600977830227
6.80865744162876,0.0114267145522019-1.09763781608822e-14i,2.71442736580348,0.0154237411086426
6.84824265931265,0.0115544450304454-9.17209293597305e-15i,2.73020892025583,0.0156903088075793
6.88782787699653,0.0116827575658592-1.28597804026454e-14i,2.74599047470817,0.0159598123505598
6.92741309468042,0.0118116486134606-1.34415144484531e-14i,2.76177202916052,0.0162322630510116
6.96699831236431,0.0119411145927434-1.39934156526975e-14i,2.77755358361286,0.0165076720625264
7.0065835300482,0.0120711518871964-1.30703454801222e-14i,2.79333513806521,0.0167860503763011
7.04616874773209,0.0122017568443284-1.03259600258947e-14i,2.80911669251755,0.0170674088185594
7.08575396541598,0.0123329257755705-1.10394258868874e-14i,2.8248982469699,0.0173517580479512
7.12533918309986,0.0124646549563035-1.22573912209539e-14i,2.84067980142225,0.0176391085529325
7.16492440078375,0.0125969406257808-1.38935283457213e-14i,2.85646135587459,0.0179294706491523
7.20450961846764,0.0127297789871918-1.32502138225084e-14i,2.87224291032694,0.0182228544767929
7.24409483615153,0.0128631662073113-1.16743962558832e-14i,2.88802446477928,0.0185192699977231
7.28368005383542,0.0129970984167349-1.3568140820593e-14i,2.90380601923163,0.0188187269930163
7.3232652715193,0.0131315717097305-1.31359306412121e-14i,2.91958757368398,0.0191212350601474
7.36285048920319,0.0132665821442165-1.37083115927028e-14i,2.93536912813632,0.0194268036102539
7.40243570688708,0.0134021257416881-1.10336191830833e-14i,2.95115068258867,0.0197354418653759
7.44202092457097,0.0135381984872198-1.50998715772098e-14i,2.96693223704101,0.0200471588556785
7.48160614225486,0.0136747963295284-1.19336696644591e-14i,2.98271379149336,0.0203619634166552
7.52119135993874,0.0138119151807682-1.40782516959323e-14i,2.9984953459457,0.0206798641863126
7.56077657762263,0.0139495509167131-1.03625483368576e-14i,3.01427690039805,0.0210008696023373
7.60036179530652,0.0140876993765944-1.29470168400336e-14i,3.0300584548504,0.0213249878992444
7.63994701299041,0.0142263563631932-1.29869249074793e-14i,3.04584000930274,0.021652227105509
7.6795322306743,0.0143655176427013-1.3400833363695e-14i,3.06162156375509,0.0219825950406794
7.71911744835819,0.0145051789447618-1.47286345472136e-14i,3.07740311820743,0.0223160993124742
7.75870266604207,0.0146453359627583-1.6213118465332e-14i,3.09318467265978,0.0226527473138613
7.79828788372596,0.014785984353115-1.62713774836746e-14i,3.10896622711213,0.0229925462201224
7.83787310140985,0.014927119735915-1.2128718920604e-14i,3.12474778156447,0.0233355029858998
7.87745831909374,0.0150687376953218-1.15968294851424e-14i,3.14052933601682,0.0236816243422285
7.91704353677763,0.0152108337779877-1.14610133299153e-14i,3.15631089046916,0.0240309167935519
7.95662875446151,0.0153534034947243-1.54490958184528e-14i,3.17209244492151,0.0243833866147225
7.9962139721454,0.0154964423197726-1.1883933027292e-14i,3.18787399937385,0.0247390398479881
8.03579918982929,0.0156399456909235-1.39853386144062e-14i,3.2036555538262,0.0250978822999646
8.07538440751318,0.0157839090095951-1.40085005342182e-14i,3.21943710827855,0.0254599195385931
8.11496962519707,0.015928327640693-1.30126292573811e-14i,3.23521866273089,0.0258251568900843
8.15455484288096,0.0160731969131209-1.05589818358723e-14i,3.25100021718324,0.0261935994358494
8.19414006056484,0.0162185121191692-1.50846147560328e-14i,3.26678177163558,0.0265652520094593
8.23372527824873,0.0163642685151196-1.56384298067338e-14i,3.28256332608793,0.0269401191935523
8.27331049593262,0.016510461320805-1.36583914328349e-14i,3.29834488054028,0.0273182053164838
8.31289571361651,0.0166570857203648-1.21716337649102e-14i,3.31412643499262,0.0276995144495314
8.3524809313004,0.0168041368612221-1.89387156971242e-14i,3.32990798944497,0.0280840504036451
8.39206614898428,0.0169516098550697-1.31052060286077e-14i,3.34568954389731,0.0284718167263083
8.43165136666817,0.017099499777887-1.13625910876902e-14i,3.36147109834966,0.0288628166983883
8.47123658435206,0.0172478016691316-1.30999977162089e-14i,3.377252652802,0.0292570533309768
8.51082180203595,0.0173965105327548-1.19755159048336e-14i,3.39303420725435,0.0296545293622225
8.55040701971984,0.0175456213370477-1.36977570660107e-14i,3.4088157617067,0.0300552472541529
8.58999223740373,0.017695129014221-1.05649066704032e-14i,3.42459731615904,0.0304592091894898
8.62957745508761,0.0178450284611005-1.04921287567227e-14i,3.44037887061139,0.0308664170684558
8.6691626727715,0.0179953145389084-1.42219315909914e-14i,3.45616042506373,0.0312768725055752
8.70874789045539,0.018145982073449-1.56028891343421e-14i,3.47194197951608,0.0316905768264676
8.74833310813928,0.0182970258551541-1.38860513749108e-14i,3.48772353396842,0.032107531064635
8.78791832582317,0.0184484406394527-1.81906364493065e-14i,3.50350508842077,0.032527735958244
8.82750354350705,0.0186002211455315-1.71035825564777e-14i,3.51928664287312,0.0329511919469023
8.86708876119094,0.0187523620590909-1.12199068729219e-14i,3.53506819732546,0.033377899168432
8.90667397887483,0.0189048580300871-1.31805479558854e-14i,3.55084975177781,0.0338078574556392
8.94625919655872,0.0190577036728948-1.82001663086595e-14i,3.56663130623015,0.03424106633308
8.98584441424261,0.0192108935686879-1.67194008175076e-14i,3.5824128606825,0.0346775250138243
9.02542963192649,0.019364422263131-1.86495978229515e-14i,3.59819441513485,0.0351172323962164
9.06501484961038,0.0195182842671055-1.90545643514257e-14i,3.61397596958719,0.035560187060637
9.10460006729427,0.0196724740580349-6.98261327337964e-15i,3.62975752403954,0.0360063872662628
9.14418528497816,0.0198269860784571-2.04017829279845e-14i,3.64553907849188,0.0364558309478272
9.18377050266205,0.0199818147371437-1.28976584824946e-14i,3.66132063294423,0.0369085157123806
9.22335572034594,0.0201369544087951-8.56429054083872e-15i,3.67710218739657,0.0373644388362234
9.26294093802982,0.0202923994344972-1.7003068043745e-14i,3.69288374184892,0.0378235972612223
9.30252615571371,0.0204481441218694-1.37494472753033e-14i,3.70866529630127,0.0382859875919129
9.3421113733976,0.02060418274457-1.51224902893073e-14i,3.72444685075361,0.0387516060922715
9.38169659108149,0.0207605095431958-1.56763784112854e-14i,3.74022840520596,0.0392204486824342
9.42128180876538,0.0209171187253658-1.52179322680112e-14i,3.7560099596583,0.0396925109354776
9.46086702644926,0.021074004465241-1.40630717098241e-14i,3.77179151411065,0.0401677880742055
9.50045224413315,0.0212311609044741-1.33683569597036e-14i,3.787573068563,0.0406462749679426
9.54003746181704,0.0213885821518542-1.53381602800656e-14i,3.80335462301534,0.0411279661293348
9.57962267950093,0.0215462622839316-1.61977645659272e-14i,3.81913617746769,0.0416128557111588
9.61920789718482,0.0217041953448711-1.26939544490639e-14i,3.83491773192003,0.0421009375031394
9.65879311486871,0.0218623753464746-1.42858045886772e-14i,3.85069928637238,0.0425922049287777
9.69837833255259,0.022020796269066-1.79511311374777e-14i,3.86648084082472,0.0430866510421883
9.73796355023648,0.022179452060989-1.47301873068167e-14i,3.88226239527707,0.04358426852495
9.77754876792037,0.0223383366391794-1.67556317524598e-14i,3.89804394972942,0.0440850496829681
9.81713398560426,0.0224974438884165-1.64838848988093e-14i,3.91382550418176,0.0445889864433502
9.85671920328815,0.0226567676641603-1.86938630240946e-14i,3.92960705863411,0.0450960703512951
9.89630442097203,0.0228163017895673-1.39134762692392e-14i,3.94538861308645,0.0456062925669969
9.93588963865592,0.0229760400571422-1.92864328011387e-14i,3.9611701675388,0.0461196438625647
9.97547485633981,0.0231359762294847-1.73685766288405e-14i,3.97695172199115,0.0466361146189604
10.0150600740237,0.0232961040387797-2.24083152943815e-14i,3.99273327644349,0.0471556948229538
10.0546452917076,0.0234564171871544-2.00263633155183e-14i,4.00851483089584,0.0476783740640943
10.0942305093915,0.0236169093469496-1.87492732363135e-14i,4.02429638534818,0.0482041415317038
10.1338157270754,0.0237775741610156-1.65626440079019e-14i,4.04007793980053,0.0487329860118905
10.1734009447592,0.0239384052429092-2.28870425522183e-14i,4.05585949425287,0.0492648958845827
10.2129861624431,0.0240993961771395-1.98118184996607e-14i,4.07164104870522,0.0497998591205856
10.252571380127,0.0242605405196023-1.47459431609244e-14i,4.08742260315757,0.0503378632788903
10.2921565978109,0.0244218317976759-1.67963167976534e-14i,4.10320415760991,0.0508788955031766
10.3317418154948,0.0245832635103829-1.41422844801259e-14i,4.11898571206226,0.051422942519392
10.3713270331787,0.0247448291288231-1.50998955246512e-14i,4.1347672665146,0.0519699906329081
10.4109122508626,0.0249065220962959-1.28079771401314e-14i,4.15054882096695,0.0525200257256286
10.4504974685465,0.0250683358286657-6.57674866321755e-15i,4.1663303754193,0.0530730332532017
10.4900826862304,0.0252302637146162-1.55088645817551e-14i,4.18211192987164,0.0536289982422612
10.5296679039142,0.0253922991159086-1.97218885557916e-14i,4.19789348432399,0.0541879052876986
10.5692531215981,0.0255544353676277-1.01208324177247e-14i,4.21367503877633,0.0547497385499655
10.608838339282,0.0257166657785769-2.3146811327996e-14i,4.22945659322868,0.0553144817524106
10.6484235569659,0.0258789836315456-2.4805362869696e-14i,4.24523814768102,0.0558821181786493
10.6880087746498,0.0260413821835559-2.5231625812398e-14i,4.26101970213337,0.0564526306699684
10.7275939923337,0.0262038546662376-9.49335941525863e-15i,4.27680125658572,0.0570260016227667
10.7671792100176,0.0263663942860918-1.92372169241383e-14i,4.29258281103806,0.0576022129860319
10.8067644277015,0.0265289942247271-1.69977718559848e-14i,4.30836436549041,0.0581812462588548
10.8463496453853,0.0266916476392903-1.04227010584998e-14i,4.32414591994275,0.058763082487985
10.8859348630692,0.026854347662805-6.31259198323132e-15i,4.3399274743951,0.0593477022654266
10.9255200807531,0.0270170874044122-1.32082223046904e-14i,4.35570902884744,0.0599350857260739
10.965105298437,0.0271798599496872-1.06654539064884e-14i,4.37149058329979,0.0605252125453905
11.0046905161209,0.0273426583610274-6.30579848811114e-15i,4.38727213775214,0.0611180619371307
11.0442757338048,0.0275054756779946-2.73394818459501e-14i,4.40305369220448,0.0617136126511093
11.0838609514887,0.0276683049175696-1.81533557036813e-14i,4.41883524665683,0.0623118429710145
11.1234461691726,0.0278311390746152-9.7867416566262e-15i,4.43461680110917,0.0629127307122683
11.1630313868565,0.0279939711221844-2.37777124410317e-14i,4.45039835556152,0.0635162532199377
11.2026166045403,0.0281567940117846-1.85871519355957e-14i,4.46617991001387,0.064122387366693
11.2422018222242,0.0283196006738928-1.67122900911166e-14i,4.48196146446621,0.0647311095508183
11.2817870399081,0.0284823840184774-2.47689433884748e-14i,4.49774301891856,0.0653423956945679
11.321372257592,0.0286451369350329-2.75443790855289e-14i,4.5135245733709,0.0659562212415068
11.3609574752759,0.0288078522930451-1.30170467912904e-14i,4.52930612782325,0.0665725611552587
11.4005426929598,0.0289705229423779-1.37017114593332e-14i,4.54508768227559,0.0671913899177322
11.4401279106437,0.0291331417134961-2.104046605091e-14i,4.56086923672794,0.0678126815273053
11.4797131283276,0.0292957014181244-1.58171890827118e-14i,4.57665079118029,0.0684364094971663
11.5192983460114,0.0294581948494549-1.79204143505948e-14i,4.59243234563263,0.0690625468537145
11.5588835636953,0.0296206147825223-1.31496979463035e-14i,4.60821390008498,0.0696910661350204
11.5984687813792,0.0297829539747576-7.84740832143662e-15i,4.62399545453732,0.0703219393893482
11.6380539990631,0.0299452051661719-1.67442043848884e-14i,4.63977700898967,0.0709551381737418
11.677639216747,0.0301073610799267-8.25144053933606e-15i,4.65555856344202,0.0715906335526737
11.7172244344309,0.0302694144225876-4.62476992963753e-15i,4.67134011789436,0.0722283960967599
11.7568096521148,0.0304313578847248-1.6183545111393e-14i,4.68712167234671,0.0728683958815436
11.7963948697987,0.0305931841412148-1.97535668874094e-14i,4.70290322679905,0.0735106024863458
11.8359800874826,0.0307548858516026-1.37370754961028e-14i,4.7186847812514,0.0741549849931854
11.8755653051664,0.0309164556606444-9.27568229560571e-15i,4.73446633570374,0.0748015119857677
11.9151505228503,0.0310778861986516-1.8602905273277e-14i,4.75024789015609,0.0754501515485472
11.9547357405342,0.031239170081899-2.01018642509657e-14i,4.76602944460844,0.076100871265864
11.9943209582181,0.0314002999131844-2.11601259044432e-14i,4.78181099906078,0.0767536382211535
12.033906175902,0.0315612682820442-2.51889976986e-14i,4.79759255351313,0.0774084189962306
12.0734913935859,0.0317220677654694-1.21391580851936e-15i,4.81337410796547,0.0780651796706531
12.1130766112698,0.0318826909281512-1.19783427821539e-14i,4.82915566241782,0.0787238858211635
12.1526618289537,0.032043130322948-1.72986808456447e-14i,4.84493721687017,0.0793845025212071
12.1922470466375,0.0322033784914076-2.6603940802922e-14i,4.86071877132251,0.0800469943405339
12.2318322643214,0.0323634279641736-3.78987193975774e-14i,4.87650032577486,0.0807113253448819
12.2714174820053,0.0325232712615032-7.6155317278908e-15i,4.8922818802272,0.081377459095863
12.3110026996892,0.0326829008939318-1.72156027588803e-14i,4.90806343467955,0.0820453586508185
12.3505879173731,0.032842309362362-2.40079474851672e-14i,4.92384498913189,0.0827149865620316
12.390173135057,0.0330014891587123-1.61048313560364e-14i,4.93962654358424,0.0833863048777129
12.4297583527409,0.0331604327663297-1.90959641270368e-14i,4.95540809803659,0.0840592751417484
12.4693435704248,0.0333191326604159-1.86543990475627e-14i,4.97118965248893,0.0847338583939012
12.5089287881086,0.0334775813086002-9.80333963031559e-15i,4.98697120694128,0.085410015170102
12.5485140057925,0.0336357711713323-3.36360590473401e-14i,5.00275276139362,0.086087705502833
12.5880992234764,0.0337936947023893-2.73347007242561e-14i,5.01853431584597,0.0867668889216032
12.6276844411603,0.0339513443493361-2.33576449008584e-14i,5.03431587029831,0.0874475244535196
12.6672696588442,0.0341087125541824-3.39909896498544e-14i,5.05009742475066,0.0881295706239543
12.7068548765281,0.0342657917536828-2.74903341666065e-14i,5.06587897920301,0.0888129854573072
12.746440094212,0.0344225743799583-2.39248071457759e-14i,5.08166053365535,0.0894977264778671
12.7860253118959,0.0345790528608637-4.61270815410385e-14i,5.0974420881077,0.0901837507107704
12.8256105295798,0.0347352196206132-2.48724310028657e-14i,5.11322364256004,0.0908710146830609
12.8651957472636,0.0348910670802408-3.54569992117574e-14i,5.12900519701239,0.0915594744248528
12.9047809649475,0.0350465876581265-4.31687205001043e-14i,5.14478675146474,0.092249085470595
12.9443661826314,0.0352017737704331-3.88423346765998e-14i,5.16056830591708,0.0929398028604365
12.9839514003153,0.035356617831734-2.72488104830472e-14i,5.17634986036943,0.0936315811417008
13.0235366179992,0.035511112255472-2.62358128806801e-14i,5.19213141482177,0.094324374370465
13.0631218356831,0.0356652494544615-4.39957270116094e-14i,5.20791296927412,0.0950181361132449
13.102707053367,0.0358190218414602-3.16773146190832e-14i,5.22369452372646,0.0957128194487871
13.1422922710509,0.0359724218296528-3.02918096268525e-14i,5.23947607817881,0.0964083769699743
13.1818774887347,0.0361254418332154-4.6319891394139e-14i,5.25525763263116,0.0971047607858376
13.2214627064186,0.0362780742677974-5.14185438676578e-14i,5.2710391870835,0.09780192252368
13.2610479241025,0.0364303115510597-2.60630773089972e-14i,5.28682074153585,0.0984998133313148
13.3006331417864,0.0365821461033283-4.04909788582892e-14i,5.30260229598819,0.0991983838793252
13.3402183594703,0.0367335703483565-1.40615909019974e-14i,5.31838385044054,0.0998975843647142
13.3798035771542,0.0368845767134114-3.11362642299005e-14i,5.33416540489289,0.100597364510255
13.4193887948381,0.0370351576300589-2.30489165124843e-14i,5.34994695934523,0.101297673570703
13.458974012522,0.0371853055344106-3.69823323248856e-14i,5.36572851379758,0.101998460333993
13.4985592302059,0.0373350128679525-2.27389548713914e-14i,5.38151006824992,0.102699673124405
13.5381444478897,0.0374842720779447-3.38127552549819e-14i,5.39729162270227,0.103401259805618
13.5777296655736,0.0376330756181594-3.62625431815896e-14i,5.41307317715461,0.10410316778388
13.6173148832575,0.0377814159491555-2.59304397191067e-14i,5.42885473160696,0.104805344011298
13.6569001009414,0.0379292855390792-4.00534185799342e-14i,5.44463628605931,0.105507734989253
13.6964853186253,0.0380766768641172-2.46239593753749e-14i,5.46041784051165,0.106210286771933
13.7360705363092,0.0382235824090132-4.80050008762638e-14i,5.476199394964,0.106912944969993
13.7756557539931,0.0383699946677018-2.20036019884886e-14i,5.49198094941634,0.107615654754337
13.815240971677,0.038515906143936-1.99229669597439e-14i,5.50776250386869,0.10831836086003
13.8548261893608,0.038661309351663-4.19146062695522e-14i,5.52354405832103,0.109021007590325
13.8944114070447,0.0388061968157103-3.97772548084831e-14i,5.53932561277338,0.109723538820824
13.9339966247286,0.0389505610724435-3.65953167376472e-14i,5.55510716722573,0.110425898003769
13.9735818424125,0.0390943946701247-2.4928407848306e-14i,5.57088872167807,0.11112802817245
14.0131670600964,0.0392376901696476-3.78606705264062e-14i,5.58667027613042,0.111829871945752
14.0527522777803,0.0393804401449931-2.57870807790329e-14i,5.60245183058276,0.11253137153282
14.0923374954642,0.0395226371840515-4.13679107963841e-14i,5.61823338503511,0.113232468737866
14.1319227131481,0.0396642738887583-2.07558693734699e-14i,5.63401493948746,0.113933104965091
14.171507930832,0.0398053428760499-1.90618273735007e-14i,5.6497964939398,0.114633221223754
14.2110931485158,0.0399458367783555-3.01076839140634e-14i,5.66557804839215,0.115332758133354
14.2506783661997,0.0400857482440167-2.47707931967291e-14i,5.68135960284449,0.116031655928961
14.2902635838836,0.0402250699380915-1.57453421818757e-14i,5.69714115729684,0.116729854466664
14.3298488015675,0.0403637945428725-3.74276291887311e-14i,5.71292271174918,0.117427293229333
14.3694340192514,0.0405019147589017-1.58974974264889e-14i,5.72870426620153,0.118123911332342
14.4090192369353,0.0406394233047834-2.7098135664925e-14i,5.74448582065388,0.118819647528403
14.4486044546192,0.0407763129181384-3.8263165532159e-14i,5.76026737510622,0.1195144402149
14.4881896723031,0.0409125763561261-5.68473305628872e-14i,5.77604892955857,0.1202082274395
14.5277748899869,0.0410482063960068-1.15516342476996e-14i,5.79183048401091,0.120900946906399
14.5673601076708,0.0411831958356815-2.33772903562537e-14i,5.80761203846326,0.121592535982713
14.6069453253547,0.0413175374943719-3.4366367654458e-14i,5.82339359291561,0.122282931704987
14.6465305430386,0.0414512242131448-2.67186367824833e-14i,5.83917514736795,0.122972070785855
14.6861157607225,0.0415842488555628-2.64251185787699e-14i,5.8549567018203,0.123659889620822
14.7257009784064,0.0417166043082227-1.45914117212534e-14i,5.87073825627264,0.124346324295185
14.7652861960903,0.0418482834813806-1.61176243897596e-14i,5.88651981072499,0.125031310591085
14.8048714137742,0.0419792793094756-2.4476772097208e-14i,5.90230136517733,0.125714783994694
14.844456631458,0.0421095847518043-2.2446594097538e-14i,5.91808291962968,0.126396679703538
14.8840418491419,0.0422391927930984-3.17952797230302e-14i,5.93386447408203,0.127076932633952
14.9236270668258,0.0423680964440444-3.5403497181954e-14i,5.94964602853437,0.127755477428664
14.9632122845097,0.0424962887418749-5.6098836285074e-14i,5.96542758298672,0.128432248464517
15.0027975021936,0.0426237627511245-4.87507100625358e-15i,5.98120913743906,0.129107179860326
15.0423827198775,0.0427505115639804-1.45487427774592e-14i,5.99699069189141,0.129780205484862
15.0819679375614,0.0428765283009648-4.53317054936686e-14i,6.01277224634376,0.130451258964968
15.1215531552453,0.0430018061116382+3.08450824296481e-15i,6.0285538007961,0.131120273693811
15.1611383729292,0.0431263381749501-1.93083923739496e-14i,6.04433535524845,0.131787182839263
15.200723590613,0.0432501177000731-1.09489733231029e-14i,6.06011690970079,0.132451919352416
15.2403088082969,0.0433731379267795-2.91107626335631e-14i,6.07589846415314,0.133114415976219
15.2798940259808,0.0434953921262864-3.36385133538947e-14i,6.09168001860548,0.133774605254256
15.3194792436647,0.043616873601487-2.02386159642524e-14i,6.10746157305783,0.134432419539643
15.3590644613486,0.0437375756881432-2.62521796172835e-14i,6.12324312751018,0.135087791004638
15.3986496790325,0.0438574917551055-3.88849603411843e-14i,6.13902468196252,0.135740651648272
15.4382348967164,0.0439766152048758-1.64720714432239e-14i,6.15480623641487,0.136390933306783
15.4778201144003,0.0440949394741934-2.64711507632631e-14i,6.17058779086721,0.137038567663013
15.5174053320841,0.0442124580344182+1.26795957226479e-14i,6.18636934531956,0.137683486255758
15.556990549768,0.0443291643922751-4.69488235505134e-15i,6.2021508997719,0.138325620489423
15.5965757674519,0.044445052090514-4.08021659368061e-14i,6.21793245422425,0.138964901643802
15.6361609851358,0.0445601147083985-1.14595333704931e-14i,6.2337140086766,0.139601260883988
15.6757462028197,0.0446743458622242-3.78114024402621e-14i,6.24949556312894,0.140234629270395
15.7153314205036,0.04478773920595-2.40702177212689e-14i,6.26527711758129,0.140864937768902
15.7549166381875,0.0449002884318255-8.54611416293964e-15i,6.28105867203363,0.141492117261119
15.7945018558714,0.045011987270972+7.89691023500774e-15i,6.29684022648598,0.14211609855477
15.8340870735553,0.0451228294938279+1.71250119764467e-15i,6.31262178093833,0.14273681239419
15.8736722912391,0.0452328089107454+2.48309650654272e-14i,6.32840333539067,0.143354189470932
15.913257508923,0.0453419193727235-1.74192755152283e-14i,6.34418488984302,0.143968160434502
15.9528427266069,0.0454501547717911-3.24678950669139e-14i,6.35996644429536,0.144578655903189
15.9924279442908,0.0455575090415825+2.03474402909533e-14i,6.37574799874771,0.145185606475021
16.0320131619747,0.0456639761579689-3.45195155869747e-15i,6.39152955320005,0.145788942738815
16.0715983796586,0.0457695501396803-1.33916498179995e-14i,6.4073111076524,0.146388595285347
16.1111835973425,0.0458742250485416+7.34501690604081e-15i,6.42309266210475,0.146984494718616
16.1507688150264,0.0459779949905037-2.33146879224714e-15i,6.43887421655709,0.147576571667228
16.1903540327102,0.0460808541158213-1.84980696641421e-14i,6.45465577100944,0.148164756795864
16.2299392503941,0.0461827966197173+1.17527555700233e-14i,6.47043732546178,0.148748980816862
16.269524468078,0.0462838167430334+6.22781987027673e-15i,6.48621887991413,0.149329174501892
16.3091096857619,0.0463839087725291-5.99732726204493e-15i,6.50200043436648,0.149905268693726
16.3486949034458,0.0464830670419689-9.24144113703983e-15i,6.51778198881882,0.150477194318104
16.3882801211297,0.0465812859319844-3.01952389551049e-15i,6.53356354327117,0.151044882396328
16.4278653388136,0.0466785598715259+2.11242362368731e-15i,6.54934509772351,0.151608264055647
16.4674505564975,0.0467748833375351-1.33400296732698e-14i,6.56512665217586,0.152167270542643
16.5070357741814,0.0468702508557238-1.32807489243214e-14i,6.5809082066282,0.152721833235449
16.5466209918652,0.0469646570012591-1.03504501743286e-14i,6.59668976108055,0.153271883655845
16.5862062095491,0.0470580963981491-3.15909925877544e-15i,6.6124713155329,0.15381735348165
16.625791427233,0.0471505637221689+1.09089606916932e-14i,6.62825286998524,0.154358174559182
16.6653766449169,0.0472420536991428+1.52885860364008e-14i,6.64403442443759,0.15489427891581
16.7049618626008,0.0473325611058612+3.55173731218721e-14i,6.65981597888993,0.155425598772566
16.7445470802847,0.0474220807719501+1.88383764853568e-14i,6.67559753334228,0.155952066556843
16.7841322979686,0.0475106075787908-8.08904371880528e-15i,6.69137908779463,0.156473614915143
16.8237175156525,0.0475981364606744-3.0747204539818e-15i,6.70716064224697,0.15699017672591
16.8633027333363,0.0476846624055789-7.87244287182742e-15i,6.72294219669932,0.157501685112414
16.9028879510202,0.04777018045489-1.80589521508845e-14i,6.73872375115166,0.158008073455706
16.9424731687041,0.04785468570546-9.39523066637413e-15i,6.75450530560401,0.15850927540762
16.982058386388,0.0479381733073558-6.01300920505611e-15i,6.77028686005635,0.159005224903835
17.0216436040719,0.0480206384667311+1.89234179371476e-14i,6.7860684145087,0.159495856176997
17.0612288217558,0.0481020764471646+6.15866452814293e-15i,6.80184996896105,0.159981103769873
17.1008140394397,0.048182482565666-2.04172165275144e-14i,6.81763152341339,0.160460902548573
17.1403992571236,0.0482618521978851-2.56154083867972e-14i,6.83341307786574,0.160935187715797
17.1799844748074,0.0483401807764391+2.56651734929406e-15i,6.84919463231808,0.161403894824129
17.2195696924913,0.0484174637915058-1.75864002408553e-14i,6.86497618677043,0.161866959789375
17.2591549101752,0.0484936967914966-1.83952393306433e-14i,6.88075774122277,0.162324318903917
17.2987401278591,0.0485688753834573+2.37478419299369e-14i,6.89653929567512,0.16277590885012
17.338325345543,0.0486429952335031-2.23013512349188e-14i,6.91232085012747,0.163221666713746
17.3779105632269,0.0487160520674242+1.49815862964912e-14i,6.92810240457981,0.163661529997406
17.4174957809108,0.0487880416712705-1.45835196966562e-14i,6.94388395903216,0.164095436634698
17.4570809985947,0.0488589598917594-5.31442452796942e-14i,6.9596655134845,0.164523325001928
17.4966662162786,0.048928802636276+1.46173765058582e-14i,6.97544706793685,0.16494513393293
17.5362514339624,0.0489975658734768+2.37102653341728e-14i,6.9912286223892,0.165360802732567
17.5758366516463,0.049065245633723-6.16862226357172e-15i,7.00701017684154,0.165770271190021
17.6154218693302,0.0491318380094664+4.74078854464311e-15i,7.02279173129389,0.166173479592311
17.6550070870141,0.0491973391558093-1.26901961014491e-14i,7.03857328574623,0.166570368737811
17.694592304698,0.0492617452906918-2.95624881508351e-14i,7.05435484019858,0.166960879949757
17.7341775223819,0.0493250526953624+1.63593909741215e-14i,7.07013639465093,0.167344955089754
17.7737627400658,0.049387257714973+2.23566153013166e-14i,7.08591794910327,0.167722536571263
17.8133479577497,0.0494483567588254+4.37329877824459e-14i,7.10169950355562,0.168093567373079
17.8529331754335,0.0495083463006098+2.93293372831401e-14i,7.11748105800796,0.168457991052789
17.8925183931174,0.0495672228791161+2.53413539596803e-14i,7.13326261246031,0.168815751760195
17.9321036108013,0.0496249830983616-5.84454753972008e-15i,7.14904416691265,0.169166794250725
17.9716888284852,0.0496816236278724-8.35895935506774e-15i,7.164825721365,0.169511063898802
18.0112740461691,0.0497371412035958+2.75935108003253e-14i,7.18060727581735,0.169848506711182
18.050859263853,0.0497915326274939-2.79385944344707e-15i,7.19638883026969,0.170179069340253
18.0904444815369,0.0498447947684213+2.64377600098118e-15i,7.21217038472204,0.170502699097286
18.1300296992208,0.0498969245625312+1.24846090713977e-14i,7.22795193917438,0.170819343965643
18.1696149169047,0.0499479190131465+3.40643490481506e-15i,7.24373349362673,0.171128952613933
18.2092001345885,0.0499977751914617+1.80776195863472e-15i,7.25951504807907,0.171431474409105
18.2487853522724,0.0500464902367961+1.31005486880936e-14i,7.27529660253142,0.171726859429491
18.2883705699563,0.0500940613568623-3.92400195546262e-15i,7.29107815698377,0.172015058477777
18.3279557876402,0.0501404858283969-2.51305564469126e-14i,7.30685971143611,0.172296023093914
18.3675410053241,0.0501857609967384+4.23295515979123e-14i,7.32264126588846,0.172569705567945
18.407126223008,0.0502298842773414-3.08269693501176e-14i,7.3384228203408,0.172836058952994
18.4467114406919,0.0502728531544577-8.62838002805969e-15i,7.35420437479315,0.173095037077944
18.4862966583758,0.0503146651840776-8.6544224148678e-15i,7.3699859292455,0.173346594558685
18.5258818760596,0.0503553179917449+1.32297550566057e-14i,7.38576748369784,0.17359068681241
18.5654670937435,0.0503948092721657-2.17695660913659e-14i,7.40154903815019,0.173827270069334
18.6050523114274,0.0504331367931311+1.9021810857123e-14i,7.41733059260253,0.174056301385006
18.6446375291113,0.0504702983919724+5.15418841274095e-15i,7.43311214705488,0.174277738652504
18.6842227467952,0.0505062919777237-4.77974360455955e-15i,7.44889370150722,0.17449154061454
18.7238079644791,0.050541115531118+1.87956687439143e-15i,7.46467525595957,0.174697666875444
18.763393182163,0.0505747671046393+2.50408274992427e-14i,7.48045681041192,0.174896077913031
18.8029783998469,0.0506072448229117-4.04258559169674e-14i,7.49623836486426,0.175086735090356
18.8425636175308,0.0506385468829254+1.10367033365091e-14i,7.51201991931661,0.175269600667334
18.8821488352146,0.0506686715540425+1.99944044395786e-14i,7.52780147376895,0.17544463781224
18.9217340528985,0.0506976171786207+2.82855943461275e-15i,7.5435830282213,0.17561181061307
18.9613192705824,0.0507253821719629+1.91023721089687e-14i,7.55936458267364,0.175771084088768
19.0009044882663,0.0507519650224332-2.98434861669173e-15i,7.57514613712599,0.175922424200312
19.0404897059502,0.0507773642919687+5.73908408615438e-14i,7.59092769157834,0.176065797861649
19.0800749236341,0.0508015786161148+1.99599096285814e-14i,7.60670924603068,0.176201172950483
19.119660141318,0.0508246067039753+3.03589184741883e-14i,7.62249080048303,0.176328518318909
19.1592453590019,0.0508464473388958+1.14843155390106e-14i,7.63827235493537,0.176447803803884
19.1988305766857,0.050867099378184+5.23513080697303e-14i,7.65405390938772,0.176559000237539
19.2384157943696,0.0508865617533635+3.41766239519518e-14i,7.66983546384007,0.176662079457318
19.2780010120535,0.0509048334706574-6.91399690228253e-15i,7.68561701829241,0.176757014315951
19.3175862297374,0.0509219136107157+1.03447678438652e-14i,7.70139857274476,0.176843778691249
19.3571714474213,0.0509378013289929+2.68862732432103e-14i,7.7171801271971,0.176922347495716
19.3967566651052,0.0509524958558072-1.15296668779613e-14i,7.73296168164945,0.176992696685981
19.4363418827891,0.0509659964966491-9.88789124179737e-15i,7.74874323610179,0.17705480327226
19.475927100473,0.0509783026324771+2.11434910404236e-14i,7.76452479055414,0.177108645327418
19.5155123181568,0.0509894137197799+2.77700542460729e-14i,7.78030634500649,0.177154201994488
19.5550975358407,0.0509993292900677+4.32849502490521e-14i,7.79608789945883,0.177191453497094
19.5946827535246,0.0510080489502048+3.47348386381723e-14i,7.81186945391118,0.177220381147219
19.6342679712085,0.0510155723827453+2.58950265187289e-14i,7.82765100836352,0.177240967353441
19.6738531888924,0.0510218993458978+1.90070339121849e-14i,7.84343256281587,0.177253195628954
19.7134384065763,0.0510270296733087+1.82951521776891e-14i,7.85921411726822,0.177257050599376
19.7530236242602,0.0510309632746301+5.08579161603222e-14i,7.87499567172056,0.177252518010331
19.7926088419441,0.0510337001352639+2.49028167995128e-14i,7.89077722617291,0.177239584734811
20.1884610187829,0.0509952158559493+1.69805829261825e-14i,8.04859277069636,0.176645534914428
20.5843131956218,0.0508376099548397+1.09575834886368e-13i,8.20640831521982,0.175205588544031
20.9801653724607,0.0505621207124347-1.65456603200419e-15i,8.36422385974328,0.172926120469656
21.3760175492996,0.0501707370135192+6.40234143823054e-14i,8.52203940426674,0.169825709827994
21.7718697261385,0.0496661827218433+3.67452730817511e-14i,8.6798549487902,0.16593512778029
22.1677219029774,0.0490518935947132+6.09078396254628e-14i,8.83767049331366,0.161297015395463
22.5635740798162,0.0483319860963373+9.63827627864762e-14i,8.99548603783711,0.155965245688216
22.9594262566551,0.0475112192726019+1.4351401715903e-14i,9.15330158236057,0.150003975611526
23.355278433494,0.0465949497380601+5.28859408382935e-14i,9.31111712688403,0.143486406235094
23.7511306103329,0.0455890800869281+1.06709799325373e-14i,9.46893267140749,0.136493281646098
24.1469827871718,0.044500002129895+1.30083350698009e-14i,9.62674821593095,0.129111168919883
24.5428349640106,0.0433345348001133+3.64812263787761e-14i,9.7845637604544,0.121430571815783
24.9386871408495,0.0420998581842775+3.28111758026377e-14i,9.94237930497786,0.113543939168326
25.3345393176884,0.040803444532399-6.17344419798027e-14i,10.1001948495013,0.105543634792048
25.7303914945273,0.039452986613712-1.29478369420924e-14i,10.2580103940248,0.097519938276093
26.1262436713662,0.0380563253020256-2.57881573410116e-14i,10.4158259385482,0.0895591455459457
26.522095848205,0.0366213765660778-8.81326660322262e-16i,10.5736414830717,0.0817418339793819
26.9179480250439,0.0351560591998541+7.80786446525673e-14i,10.7314570275952,0.0741413495786691
27.3138002018828,0.0336682245209195+9.77633435890802e-14i,10.8892725721186,0.0668225636032434
27.7096523787217,0.0321655882181533+1.46564206029386e-14i,11.0470881166421,0.0598409334690435
28.1055045555606,0.0306556660529366+1.37129536441006e-14i,11.2049036611655,0.0532418887244343
28.5013567323995,0.0291457136679308-3.22841219610205e-14i,11.362719205689,0.0470605480568799
28.8972089092383,0.0276426712300369+7.09497197362445e-14i,11.5205347502124,0.0413217585516801
29.2930610860772,0.026153113963069-4.59244808507114e-14i,11.6783502947359,0.0360404348610128
29.6889132629161,0.0246832083965999+3.94439700639136e-14i,11.8361658392594,0.0312221639961549
30.084765439755,0.0232386752816147+6.3279039837077e-14i,11.9939813837828,0.0268640321118571
30.4806176165939,0.0218247592436518+4.71211947736327e-14i,12.1517969283063,0.0229556231591768
30.8764697934327,0.0204462050708005+3.29106527782474e-14i,12.3096124728297,0.0194801358330802
31.2723219702716,0.0191072412074681+7.58335991210337e-14i,12.4674280173532,0.0164155650400438
31.6681741471105,0.017811569795198-4.65335996012072e-15i,12.6252435618767,0.0137358966411873
32.0640263239494,0.0165623634006362+6.70219700280806e-14i,12.7830591064001,0.0114122693020198
32.4598785007883,0.0153622681702624+1.65509751770163e-14i,12.9408746509236,0.00941406425808952
32.8557306776272,0.0142134126482942-1.34534477542215e-14i,13.098690195447,0.00770989198644505
33.251582854466,0.0131174223080445+3.02218551319394e-14i,13.2565057399705,0.0062684536608022
33.6474350313049,0.0120754388530003-2.81333669801851e-15i,13.4143212844939,0.00505926405416452
34.0432872081438,0.0110881438483075+1.00773285062023e-14i,13.5721368290174,0.004053230820505
34.4391393849827,0.0101557862214116+3.69370512546533e-14i,13.7299523735409,0.00322309236242763
34.8349915618216,0.00927821262790575-9.35220174618901e-15i,13.8877679180643,0.00254372244407503
35.2308437386604,0.00845490041503719+2.45220346638054e-14i,14.0455834625878,0.0019923142538952
35.6266959154993,0.00768499230554219+2.55946816673085e-14i,14.2033990071112,0.00154845966035211
36.0225480923382,0.00696733217296785+7.96610681400441e-15i,14.3612145516347,0.00119414105437948
36.4184002691771,0.00630050150431997+1.54584158682746e-15i,14.5190300961581,0.000913653605052037
36.814252446016,0.00568285570373955-2.00893777459221e-14i,14.6768456406816,0.000693475155969257
37.2101046228548,0.00511255995427729+1.80907631241405e-14i,14.8346611852051,0.000522099644441644
37.6059567996937,0.00458762408475333-2.92339900823059e-15i,14.9924767297285,0.000389848051525297
38.0018089765326,0.00410593596055839-1.84223032106005e-14i,15.150292274252,0.000288668724412427
38.3976611533715,0.00366529322512325-1.83541793072598e-15i,15.3081078187754,0.000211936654959961
38.7935133302104,0.00326343292294719+6.53377618547877e-15i,15.4659233632989,0.000154259089042211
39.1893655070493,0.00289805889391543+1.63517038300081e-14i,15.6237389078224,0.000111292806863414
39.5852176838881,0.00256686676707859+3.40306844486799e-15i,15.7815544523458,7.95766198287199e-05
39.981069860727,0.00226756636351569+8.06354635397878e-15i,15.9393699968693,5.63811140100284e-05
40.3769220375659,0.00199790157577696+2.19183813987179e-15i,16.0971855413927,3.95764475239142e-05
40.7727742144048,0.00175566762387882+4.45976957967303e-15i,16.2550010859162,2.75180641996836e-05
41.1686263912437,0.00153872576308799+4.99651232445801e-15i,16.4128166304396,1.89494974528714e-05
41.5644785680825,0.00134501555071954+4.6010818005158e-15i,16.5706321749631,1.29209720382868e-05
41.9603307449214,0.00117256471667474+3.78104010119526e-15i,16.7284477194866,8.72223025796665e-06
42.3561829217603,0.00101949684223711+6.82228147657928e-15i,16.88626326401,5.82787743690828e-06
42.7520350985992,0.000884036969764878+1.97346102952037e-15i,17.0440788085335,3.85352321557147e-06
43.1478872754381,0.000764515312920031+4.85657669529004e-15i,17.2018943530569,2.52105988856471e-06
43.543739452277,0.0006593692849897+3.83657405964305e-15i,17.3597098975804,1.63153979065021e-06
43.9395916291158,0.000567143992846166+3.42082774735798e-15i,17.5175254421039,1.04426833520594e-06
44.3354438059547,0.000486491416442864+3.65609539803241e-16i,17.6753409866273,6.60900464654794e-07
44.7312959827936,0.000416168453160719+2.02207285654716e-15i,17.8331565311508,4.13502481512187e-07
45.1271481596325,0.000355033994787948+2.6330886522326e-16i,17.9909720756742,2.55708980977966e-07
45.5230003364714,0.000302045233021773+6.38561044331746e-16i,18.1487876201977,1.56259503137472e-07
45.9188525133102,0.000256253332866405+2.66231264592468e-16i,18.3066031647211,9.43377325889316e-08
46.3147046901491,0.000216798634417876+1.5227644080832e-15i,18.4644187092446,5.62558992054476e-08
46.710556866988,0.000182905519346053+3.06506626229196e-16i,18.6222342537681,3.31282608374814e-08
47.1064090438269,0.000153877053299149+4.1117933447587e-16i,18.7800497982915,1.92610788930836e-08
47.5022612206658,0.00012908952391095+4.50199982429183e-16i,18.937865342815,1.10539289563236e-08
47.8981133975046,0.000107986957918547+3.41905281095164e-16i,19.0956808873384,6.26049537163845e-09
48.2939655743435,9.00756993023973e-05+2.50650476431006e-16i,19.2534964318619,3.49830599025375e-09
48.6898177511824,7.49191171307228e-05+4.47165273460887e-16i,19.4113119763854,1.92825408804237e-09
49.0856699280213,6.21324907263842e-05+4.16063336257415e-16i,19.5691275209088,1.04816009234414e-09
49.4815221048602,5.13781199219485e-05+7.69945238552971e-17i,19.7269430654323,5.61754560677009e-10
49.877374281699,4.23606890468727e-05+1.04786125612484e-16i,19.8847586099557,2.96769435332932e-10
50.2732264585379,3.48229071243009e-05+1.51635997076421e-16i,20.0425741544792,1.54504977154165e-10
50.6690786353768,2.85414408154754e-05+6.74706225907686e-17i,20.2003896990026,7.92524864869579e-11
51.0649308122157,2.33231446022936e-05+1.59207569832976e-16i,20.3582052435261,4.0042946841768e-11
51.4607829890546,1.90015914606266e-05-1.13390183012677e-17i,20.5160207880496,1.99240067940605e-11
51.8566351658935,1.54338996125541e-05+4.13066619857993e-17i,20.673836332573,9.76020338526137e-12
52.2524873427323,1.24978469191015e-05+3.37649384264129e-17i,20.8316518770965,4.70615060665765e-12
52.6483395195712,1.00892629632956e-05+1.17900547779832e-16i,20.9894674216199,2.23300649218822e-12
53.0441916964101,8.11968420591924e-06+1.3508142540491e-17i,21.1472829661434,1.04237266966686e-12
53.440043873249,6.51425740650588e-06+6.52334836610572e-17i,21.3050985106668,4.78581357916081e-13
53.8358960500879,5.20987478854502e-06+3.44201652698945e-17i,21.4629140551903,2.1606197799451e-13
54.2317482269267,4.15352335916967e-06+1.63881409273903e-17i,21.6207295997138,9.58914779552021e-14
54.6276004037656,3.30083140722845e-06+1.78069307947939e-17i,21.7785451442372,4.18262826251136e-14
55.0234525806045,2.61479454492126e-06+9.46535325240761e-18i,21.9363606887607,1.79256048703012e-14
55.4193047574434,2.06466446459928e-06+8.78197334080473e-18i,22.0941762332841,7.54641318097159e-15
55.8151569342823,1.62498425451081e-06+2.03529832893052e-17i,22.2519917778076,3.11986406872754e-15
56.2110091111212,1.27475463539718e-06+7.60799800993194e-18i,22.4098073223311,1.26632279878503e-15
56.60686128796,9.96716755730858e-07+1.04336489059417e-17i,22.5676228668545,5.04488623679303e-16
57.0027134647989,7.76737966096817e-07+7.79278359885263e-18i,22.725438411378,1.9721514832396e-16
57.3985656416378,6.03288114520899e-07+3.32403335086938e-18i,22.8832539559014,7.56299922178134e-17
57.7944178184767,4.66995047726827e-07+4.86718857769999e-18i,23.0410695004249,2.84442763393887e-17
58.1902699953156,3.60268939283217e-07+4.35684755547299e-18i,23.1988850449483,1.04887596410165e-17
58.5861221721544,2.76986206560833e-07+1.53881433550815e-18i,23.3567005894718,3.79107481328648e-18
58.9819743489933,2.12224711349009e-07+1.51662233786486e-18i,23.5145161339953,1.34273196211419e-18
59.3778265258322,1.62042871475717e-07+1.15773579936174e-18i,23.6723316785187,4.65890683587579e-19
59.7736787026711,1.23296214706743e-07+8.83036054751896e-19i,23.8301472230422,1.58315936128543e-19
60.16953087951,9.3485668330124e-08+8.68946023112522e-19i,23.9879627675656,5.26730582211456e-20
60.5653830563488,7.06326400065858e-08+9.69389152673487e-19i,24.1457783120891,1.71534830486074e-20
60.9612352331877,5.3176600384583e-08+4.62265686427955e-19i,24.3035938566126,5.46627876376028e-21
61.3570874100266,3.9891469305186e-08+1.91532982535982e-19i,24.461409401136,1.70404831119062e-21
61.7529395868655,2.98176510573993e-08+2.81289984562356e-19i,24.6192249456595,5.19513572290721e-22
62.1487917637044,2.22070232985134e-08+2.32562117154466e-19i,24.7770404901829,1.54849625960804e-22
62.5446439405433,1.64786024647803e-08+1.4663171058009e-19i,24.9348560347064,4.51122297116281e-23
62.9404961173821,1.21829678523729e-08+1.52278923534544e-19i,25.0926715792298,1.28416579991738e-23
63.336348294221,8.97383522725491e-09+6.46314257183262e-20i,25.2504871237533,3.57076760448805e-24
63.7322004710599,6.58544203745973e-09+9.12577192655066e-20i,25.4083026682768,9.69585158382144e-25
64.1280526478988,4.8146331203172e-09+3.26316518222952e-20i,25.5661182128002,2.57018051825776e-25
64.5239048247377,3.50673111884809e-09+4.88329811226192e-20i,25.7239337573237,6.64910512466041e-26
64.9197570015765,2.5444405871283e-09+2.98093323143574e-20i,25.8817493018471,1.67823388127275e-26
65.3156091784154,1.83917188233536e-09+2.2338978378167e-20i,26.0395648463706,4.13141187381106e-27
65.7114613552543,1.3242868205846e-09+8.29532256268692e-21i,26.1973803908941,9.91670592847075e-28
66.1073135320932,9.49863310140341e-10+7.76172961953724e-21i,26.3551959354175,2.32019624380806e-28
66.5031657089321,6.78655021630757e-10+8.35817938863756e-21i,26.513011479941,5.28974767351389e-29
66.8990178857709,4.8298707043552e-10+2.21904900286305e-21i,26.6708270244644,1.1747946339945e-29
67.2948700626098,3.4238128331585e-10+2.30308089695416e-21i,26.8286425689879,2.54078970977813e-30
67.6907222394487,2.41747608300142e-10+3.62324505887179e-21i,26.9864581135113,5.34955264614603e-31
68.0865744162876,1.70012797044555e-10+1.29759995282558e-21i,27.1442736580348,1.09614900205101e-31
68.4824265931265,1.19085226879071e-10+6.49696153872566e-22i,27.3020892025583,2.18517240410682e-32
68.8782787699654,8.30769629759936e-11+1.4037991905734e-21i,27.4599047470817,4.23667950830922e-33
69.2741309468042,5.77217362479119e-11+1.07749310861403e-21i,27.6177202916052,7.98634945944489e-34
69.6699831236431,3.9941448643496e-11+4.87839863415976e-22i,27.7755358361286,1.46322798584001e-34
70.065835300482,2.75247574061725e-11+2.91743761646827e-22i,27.9333513806521,2.60479816754701e-35
70.4616874773209,1.88898303691526e-11+1.91288731881578e-22i,28.0911669251755,4.50392491324744e-36
70.8575396541598,1.29100254214041e-11+1.16025124992103e-22i,28.248982469699,7.56169198742443e-37
71.2533918309986,8.7863851538294e-12+6.83565439351125e-23i,28.4067980142225,1.23228906185972e-37
71.6492440078375,5.95479878591146e-12+5.684259044855e-23i,28.5646135587459,1.94861553336029e-38
72.0450961846764,4.01871569513241e-12+6.19546896499827e-23i,28.7224291032694,2.98891158322447e-39
72.4409483615153,2.70060107612844e-12+3.466062330543e-23i,28.8802446477928,4.44555409978296e-40
72.8368005383542,1.80707498869891e-12+1.44314191863609e-23i,29.0380601923163,6.40938608645953e-41
73.232652715193,1.20399346805762e-12+8.28107084137396e-24i,29.1958757368398,8.95438256417852e-42
73.6285048920319,7.98718847333291e-13+1.14837949288317e-23i,29.3536912813632,1.21180769839545e-42
74.0243570688708,5.27564075588013e-13+2.25389017494217e-24i,29.5115068258867,1.58803470020874e-43
74.4202092457097,3.46942588756899e-13+1.62943218399332e-25i,29.6693223704101,2.0144804327011e-44
74.8160614225486,2.2715942896377e-13+1.59876236657744e-24i,29.8271379149336,2.47280951792009e-45
75.2119135993874,1.48075878991002e-13+5.76759436243359e-25i,29.984953459457,2.93622800877009e-46
75.6077657762263,9.60965750234584e-14+1.34074558217363e-24i,30.1427690039805,3.37137100092863e-47
76.0036179530652,6.20856429247392e-14+4.46607750833124e-25i,30.300584548504,3.74184955123981e-48
76.3994701299041,3.99322507886195e-14+1.16382778319257e-25i,30.4584000930274,4.01304147057427e-49
76.795322306743,2.55679187356691e-14+5.04307970739998e-25i,30.6162156375509,4.15730860846071e-50
77.1911744835818,1.62965471987806e-14+2.50769434723324e-25i,30.7740311820743,4.15858046254409e-51
77.5870266604207,1.03398468881279e-14+1.13143535733969e-25i,30.9318467265978,4.01526591785719e-52
77.9828788372596,6.53041164989128e-15+1.27473992007398e-25i,31.0896622711213,3.74077167982944e-53
78.3787310140985,4.10548633551969e-15+4.5505778016067e-26i,31.2474778156447,3.36144724151029e-54
78.7745831909374,2.56906991144131e-15+4.51378625535795e-26i,31.4052933601682,2.91238859960049e-55
79.1704353677763,1.60016274939117e-15+1.56690967707645e-26i,31.5631089046916,2.43203142927705e-56
79.5662875446151,9.92016682056456e-16+5.6516507433e-27i,31.7209244492151,1.95669884749645e-57
79.962139721454,6.12110801119893e-16+2.81741808877261e-27i,31.8787399937385,1.51618097247743e-58
80.3579918982929,3.75912726415508e-16+3.56279634245942e-27i,32.036555538262,1.13106311376847e-59
80.7538440751318,2.29762738813201e-16+3.3987879502415e-27i,32.1943710827855,8.1202064750953e-61
81.1496962519707,1.39764676870792e-16+2.0843561096712e-27i,32.3521866273089,5.60824046511941e-62
81.5455484288096,8.46116528643921e-17+1.83888017032031e-27i,32.5100021718324,3.7247710554323e-63
81.9414006056484,5.09762086958017e-17+3.6504213566247e-28i,32.6678177163558,2.378040342588e-64
82.3372527824873,3.05632238526428e-17-1.89519238758574e-28i,32.8256332608793,1.45887472148306e-65
82.7331049593262,1.82353769329124e-17+3.81300452184718e-28i,32.9834488054028,8.59661725003428e-67
83.1289571361651,1.08268957817044e-17+2.33850197313102e-28i,33.1412643499262,4.86383518988371e-68
83.524809313004,6.39670731315734e-18+1.08059310352878e-28i,33.2990798944497,2.64120329776434e-69
83.9206614898428,3.76064200214966e-18+3.22577271523439e-29i,33.4568954389731,1.37602326607112e-70
84.3165136666817,2.19993667064919e-18+3.86045030907487e-29i,33.6147109834966,6.87510174144255e-72
84.7123658435206,1.28053284793961e-18+8.23108479934465e-30i,33.77252652802,3.29298325412644e-73
85.1082180203595,7.41640278504949e-19+4.24145473767238e-30i,33.9303420725435,1.51141518799849e-74
85.5040701971984,4.27373533934389e-19+4.31622068129465e-30i,34.088157617067,6.64489207375146e-76
85.8999223740372,2.45032310473418e-19+1.81778615914934e-30i,34.2459731615904,2.79722360926631e-77
86.2957745508761,1.3977522238644e-19+2.23103469153765e-30i,34.4037887061139,1.1270052821172e-78
86.691626727715,7.93264146825551e-20+8.3773861051449e-31i,34.5616042506373,4.34418021957015e-80
87.0874789045539,4.47894723000082e-20+4.02729963596642e-31i,34.7194197951608,1.6013845227819e-81
87.4833310813928,2.51590505474189e-20+2.67060663748838e-31i,34.8772353396842,5.64301650689755e-83
87.8791832582316,1.40592587398042e-20-7.32025590335992e-32i,35.0350508842077,1.90009842460147e-84
88.2750354350705,7.81574116346643e-21+6.61315437974714e-32i,35.1928664287312,6.11097256468325e-86
88.6708876119094,4.32222310460774e-21+1.57056849454442e-32i,35.3506819732546,1.87643532070743e-87
89.0667397887483,2.37773337865809e-21+2.5861165885838e-32i,35.5084975177781,5.49875861264254e-89
89.4625919655872,1.30115127438884e-21-1.57457012342614e-32i,35.6663130623015,1.5371684363736e-90
89.8584441424261,7.08256860626711e-22-7.92969529132027e-33i,35.824128606825,4.09752070973524e-92
90.2542963192649,3.83479232512686e-22-1.97760357684364e-33i,35.9819441513485,1.04107038728534e-93
90.6501484961038,2.06524069821602e-22+6.89376941398754e-34i,36.1397596958719,2.52007695304723e-95
91.0460006729427,1.10628485098964e-22-1.11850108400528e-33i,36.2975752403954,5.80947667056951e-97
91.4418528497816,5.8941397217777e-23+3.20077244247542e-34i,36.4553907849188,1.2748633690198e-98
91.8377050266205,3.12335079426068e-23-3.49175860030937e-34i,36.6132063294423,2.66199238381964e-100
92.2335572034593,1.6461055553633e-23-9.09706207840592e-35i,36.7710218739657,5.28662877476862e-102
92.6294093802982,8.62821357116665e-24-3.39375574723702e-35i,36.9288374184892,9.98139318597184e-104
93.0252615571371,4.49779944671526e-24-8.48888159482964e-35i,37.0866529630127,1.79083075635852e-105
93.421113733976,2.33176613176696e-24-2.35114567868985e-35i,37.2444685075361,3.05196003701818e-107
93.8169659108149,1.20216839974093e-24+7.77924991187527e-36i,37.4022840520596,4.93825072493747e-109
94.2128180876537,6.16354750013663e-25-9.63711432837325e-36i,37.560099596583,7.58308098479576e-111
94.6086702644926,3.14246914940579e-25-1.15770354343098e-36i,37.7179151411065,1.10459730652326e-112
95.0045224413315,1.59322034843474e-25-2.47035349785007e-36i,37.87573068563,1.52564906911357e-114
95.4003746181704,8.03220759714104e-26-8.47212893872209e-38i,38.0335462301534,1.9971171745884e-116
95.7962267950093,4.02659527510367e-26+2.06689278367253e-37i,38.1913617746769,2.47659912645918e-118
96.1920789718482,2.00712638720786e-26-7.51154080780381e-38i,38.3491773192003,2.90814051301549e-120
96.587931148687,9.94797912893024e-27-2.6679078897888e-39i,38.5069928637238,3.23210890080478e-122
96.9837833255259,4.90239306993722e-27-2.82265717629187e-38i,38.6648084082472,3.39836583409096e-124
97.3796355023648,2.40206208474014e-27-3.06122929023979e-38i,38.8226239527707,3.37885555283841e-126
97.7754876792037,1.17018056883291e-27-3.68765286022641e-39i,38.9804394972942,3.17530523539908e-128
98.1713398560426,5.66766022952962e-28-6.38512965123597e-39i,39.1382550418176,2.81914804173439e-130
98.5671920328815,2.72914570501235e-28-1.64151695831728e-39i,39.2960705863411,2.36355776778718e-132
98.9630442097203,1.30650582447216e-28+4.14041740980507e-40i,39.4538861308645,1.87037666289046e-134
99.3588963865592,6.21795260114474e-29+6.09027144433963e-40i,39.611701675388,1.39638190673225e-136
99.7547485633981,2.94187772932927e-29+1.19693375497838e-40i,39.7695172199114,9.83079406507422e-139
100.150600740237,1.38367056959839e-29-1.2682130784867e-41i,39.9273327644349,6.52346574747219e-141
100.546452917076,6.46936098675036e-30-3.06824185120446e-41i,40.0851483089584,4.07820377623125e-143
100.942305093915,3.00677124736599e-30-3.81964186750914e-41i,40.2429638534818,2.40079316854066e-145
101.338157270754,1.38911894490034e-30-1.41833175450683e-41i,40.4007793980053,1.33023873084681e-147
101.734009447592,6.37922984468441e-31+1.73676457038468e-42i,40.5585949425287,6.93404045960574e-150
102.129861624431,2.91190069337914e-31-2.28337082363059e-42i,40.7164104870522,3.39873426553926e-152
102.52571380127,1.32115595892897e-31+3.26712464461631e-43i,40.8742260315757,1.56571751538193e-154
102.921565978109,5.95786370827185e-32-5.01684717529884e-43i,41.0320415760991,6.77587633068343e-157
103.317418154948,2.67039626472828e-32-4.57836862432565e-43i,41.1898571206226,2.75336052748713e-159
103.713270331787,1.18959535812656e-32-2.06599882912828e-43i,41.347672665146,1.0500140870603e-161
104.109122508626,5.26684987626527e-33-9.08308473192536e-44i,41.5054882096695,3.75620837031755e-164
104.504974685465,2.31750390334833e-33+9.10574545664461e-45i,41.6633037541929,1.25983595280736e-166
104.900826862304,1.01343896459345e-33-2.01358285521512e-44i,41.8211192987164,3.95981183889392e-169
105.296679039142,4.40425075580101e-34+2.9187342108478e-45i,41.9789348432399,1.1657810187646e-171
105.692531215981,1.90210078213183e-34+6.68461130439272e-46i,42.1367503877633,3.21311395857212e-174
106.08838339282,8.16341340976054e-35-1.40985721095675e-45i,42.2945659322868,8.28678421477657e-177
106.484235569659,3.48158149008997e-35-8.44390610007007e-47i,42.4523814768102,1.99884862840432e-179
106.880087746498,1.47549445823187e-35-3.72887648829006e-47i,42.6101970213337,4.50702715621234e-182
107.275939923337,6.21361834700655e-36+2.10824136861118e-48i,42.7680125658572,9.49507593193078e-185
107.671792100176,2.60008336515638e-36-2.52860338247697e-47i,42.9258281103806,1.86803714024993e-187
108.067644277015,1.08107397843003e-36+5.67408239825524e-48i,43.0836436549041,3.43029412949456e-190
108.463496453853,4.46620577079199e-37-3.43570742183676e-48i,43.2414591994275,5.87645186853619e-193
108.859348630692,1.83327220370311e-37-1.69685304727251e-48i,43.399274743951,9.38675214657778e-196
109.255200807531,7.47669773810369e-38-2.55127781921393e-49i,43.5570902884744,1.39736360370635e-198
109.65105298437,3.02954265949914e-38-1.31402579576294e-49i,43.7149058329979,1.93764480642682e-201
110.046905161209,1.2196028737293e-38-1.29287919940302e-49i,43.8727213775214,2.50141370046406e-204
110.442757338048,4.8777962640635e-39-5.3309197703968e-50i,44.0305369220448,3.00482118449462e-207
110.838609514887,1.93812803730891e-39-1.645204553355e-50i,44.1883524665683,3.35697281510671e-210
111.234461691726,7.65040803797048e-40-4.01246631062519e-51i,44.3461680110917,3.48615444085198e-213
111.630313868565,2.99998992624889e-40-4.72748127361477e-51i,44.5039835556152,3.36347141182821e-216
112.026166045403,1.16863206492694e-40+1.21808616711057e-51i,44.6617991001387,3.01330494241161e-219
112.422018222242,4.5221851589711e-41-2.22238781159442e-52i,44.8196146446621,2.50543850957304e-222
112.817870399081,1.73828571851417e-41-1.43595947713014e-52i,44.9774301891856,1.93232432703783e-225
113.21372257592,6.63721681536908e-42-3.55443147287618e-53i,45.135245733709,1.38166063236612e-228
113.609574752759,2.51728625770912e-42+2.17759273887851e-53i,45.2930612782325,9.15411793476068e-232
114.005426929598,9.48310821036976e-43-7.41575425251366e-54i,45.4508768227559,5.61685540020737e-235
114.401279106437,3.54837938585144e-43+2.45613137237398e-54i,45.6086923672794,3.19005857356382e-238
114.797131283276,1.31874361190917e-43+5.69988827089953e-55i,45.7665079118029,1.67609637844961e-241
115.192983460114,4.86778529892203e-44-1.61222834325334e-54i,45.9243234563263,8.14253570540781e-245
115.588835636953,1.78456726937617e-44+2.22849796713697e-55i,46.0821390008498,3.6554877645913e-248
115.984687813792,6.49762494236415e-45+1.33516518785106e-55i,46.2399545453732,1.51572283974078e-251
116.380539990631,2.34955872815149e-45-2.02862064750535e-56i,46.3977700898967,5.80157701785489e-255
116.77639216747,8.43757528009912e-46-9.20242758776992e-57i,46.5555856344201,2.04873758609909e-258
117.172244344309,3.00911270058044e-46-6.57691013754485e-57i,46.7134011789436,6.67116998631884e-262
117.568096521148,1.06570848691014e-46-1.25625377554789e-57i,46.8712167234671,2.00195199510194e-265
117.963948697987,3.74806675757011e-47-1.8033287903424e-58i,47.0290322679905,5.53351467037111e-269
118.359800874826,1.30898563068832e-47-1.98987684383659e-58i,47.186847812514,1.40800174173343e-272
118.755653051664,4.53952958006788e-48-5.63788632905195e-59i,47.3446633570374,3.29623520016442e-276
