,index,log2_deme,migration_rate,normal_birth_rate
0,00000072,1,0.05,0.71428571428
1,00000321,3,0.25,0.95238095238
2,000007DD,7,0.05,0.90909090909
3,000004B8,4,0.75,0.95238095238
4,000008CF,8,0.01,0.90909090909
5,00000811,7,0.1,0.83333333333
6,000000C9,1,0.5,0.95238095238
7,0000016B,2,0.025,0.95238095238
8,00000419,4,0.05,0.95238095238
9,000003EF,4,0.025,0.95238095238
10,000002C5,3,0.025,0.83333333333
11,00000727,6,0.5,0.71428571428
12,000003D5,4,0.01,0.83333333333
13,000007DA,7,0.05,0.90909090909
14,00000017,1,0.01,0.83333333333
15,000006C4,6,0.1,0.90909090909
16,000009F8,8,1.0,0.71428571428
17,00000213,2,0.5,0.90909090909
18,00000635,5,1.0,0.83333333333
19,000003A3,3,1.0,0.90909090909
20,0000065C,6,0.01,0.83333333333
21,00000900,8,0.025,0.83333333333
22,0000020E,2,0.5,0.95238095238
23,00000184,2,0.025,0.83333333333
24,00000908,8,0.025,0.71428571428
25,000000D3,1,0.5,0.90909090909
26,0000019D,2,0.05,0.90909090909
27,000003E4,4,0.01,0.71428571428
28,0000077E,6,1.0,0.71428571428
29,00000711,6,0.5,0.95238095238
30,0000073A,6,0.75,0.90909090909
31,000007E9,7,0.05,0.83333333333
32,00000745,6,0.75,0.83333333333
33,0000061D,5,1.0,0.95238095238
34,0000049B,4,0.5,0.90909090909
35,00000389,3,0.75,0.83333333333
36,00000360,3,0.5,0.83333333333
37,0000094C,8,0.1,0.83333333333
38,00000270,2,1.0,0.83333333333
39,00000376,3,0.75,0.95238095238
40,000001D2,2,0.1,0.83333333333
41,00000016,1,0.01,0.83333333333
42,000009B0,8,0.75,0.95238095238
43,00000421,4,0.05,0.90909090909
44,000008B3,7,1.0,0.83333333333
45,000000D9,1,0.5,0.90909090909
46,000009C1,8,0.75,0.90909090909
47,00000140,2,0.01,0.95238095238
48,000007C4,7,0.025,0.83333333333
49,00000439,4,0.1,0.95238095238
50,0000021A,2,0.5,0.90909090909
51,0000060B,5,0.75,0.83333333333
52,00000946,8,0.1,0.90909090909
53,00000587,5,0.1,0.90909090909
54,00000222,2,0.5,0.83333333333
55,000005AF,5,0.25,0.90909090909
56,00000295,3,0.01,0.83333333333
57,000002E9,3,0.05,0.83333333333
58,000002D5,3,0.05,0.95238095238
59,00000090,1,0.1,0.83333333333
60,00000714,6,0.5,0.90909090909
61,000003B6,3,1.0,0.71428571428
62,000001BA,2,0.1,0.95238095238
63,000009A5,8,0.5,0.83333333333
64,000005BC,5,0.25,0.83333333333
65,00000551,5,0.05,0.95238095238
66,000007CE,7,0.025,0.71428571428
67,00000456,4,0.1,0.71428571428
68,00000412,4,0.05,0.95238095238
69,00000625,5,1.0,0.90909090909
70,000000D8,1,0.5,0.90909090909
71,0000016A,2,0.025,0.95238095238
72,00000528,5,0.025,0.95238095238
73,000006E8,6,0.25,0.95238095238
74,0000022A,2,0.5,0.71428571428
75,000001AA,2,0.05,0.83333333333
76,000008D3,8,0.01,0.90909090909
77,0000036B,3,0.5,0.71428571428
78,0000034A,3,0.5,0.95238095238
79,00000561,5,0.05,0.90909090909
80,000002FE,3,0.1,0.95238095238
81,000008A1,7,1.0,0.95238095238
82,00000176,2,0.025,0.90909090909
83,00000015,1,0.01,0.83333333333
84,00000255,2,0.75,0.71428571428
85,0000071D,6,0.5,0.83333333333
86,00000824,7,0.25,0.95238095238
87,000007E0,7,0.05,0.90909090909
88,000007E2,7,0.05,0.90909090909
89,0000007E,1,0.1,0.95238095238
90,000007A3,7,0.01,0.71428571428
91,000008C3,8,0.01,0.95238095238
92,00000603,5,0.75,0.90909090909
93,0000098C,8,0.5,0.95238095238
94,0000090A,8,0.025,0.71428571428
95,0000011D,1,1.0,0.95238095238
96,000005A0,5,0.25,0.95238095238
97,000006B5,6,0.05,0.71428571428
98,00000068,1,0.05,0.83333333333
99,00000181,2,0.025,0.83333333333
100,00000290,3,0.01,0.90909090909
101,000006D1,6,0.1,0.83333333333
102,0000015F,2,0.01,0.71428571428
103,000003B3,3,1.0,0.83333333333
104,000006EC,6,0.25,0.90909090909
105,00000496,4,0.5,0.90909090909
106,00000315,3,0.1,0.83333333333
107,000008E6,8,0.01,0.71428571428
108,00000679,6,0.025,0.90909090909
109,00000869,7,0.5,0.71428571428
110,0000003C,1,0.025,0.83333333333
111,00000116,1,0.75,0.71428571428
112,000001A3,2,0.05,0.90909090909
113,00000960,8,0.25,0.95238095238
114,000004F1,4,1.0,0.83333333333
115,0000012D,1,1.0,0.83333333333
116,0000013D,1,1.0,0.71428571428
117,000008A9,7,1.0,0.90909090909
118,000000AD,1,0.25,0.90909090909
119,000005C4,5,0.25,0.71428571428
120,0000037D,3,0.75,0.90909090909
121,000001C4,2,0.1,0.90909090909
122,000007F2,7,0.05,0.71428571428
123,00000831,7,0.25,0.90909090909
124,00000719,6,0.5,0.90909090909
125,000008CB,8,0.01,0.90909090909
126,000007F6,7,0.05,0.71428571428
127,000009E4,8,1.0,0.90909090909
128,0000050D,5,0.01,0.90909090909
129,0000032C,3,0.25,0.90909090909
130,0000075E,6,1.0,0.95238095238
131,00000580,5,0.1,0.95238095238
132,00000330,3,0.25,0.90909090909
133,000008CC,8,0.01,0.90909090909
134,0000015E,2,0.01,0.71428571428
135,00000042,1,0.025,0.83333333333
136,00000585,5,0.1,0.90909090909
137,000008FF,8,0.025,0.83333333333
138,000008F2,8,0.025,0.90909090909
139,00000828,7,0.25,0.95238095238
140,00000177,2,0.025,0.90909090909
141,000009DC,8,1.0,0.95238095238
142,00000196,2,0.05,0.95238095238
143,00000328,3,0.25,0.95238095238
144,00000111,1,0.75,0.71428571428
145,00000110,1,0.75,0.71428571428
146,00000951,8,0.1,0.83333333333
147,0000016C,2,0.025,0.95238095238
148,000000FC,1,0.75,0.90909090909
149,0000034C,3,0.5,0.95238095238
150,0000080D,7,0.1,0.83333333333
151,0000065E,6,0.01,0.71428571428
152,00000208,2,0.5,0.95238095238
153,0000086A,7,0.5,0.71428571428
154,00000640,6,0.01,0.95238095238
155,00000559,5,0.05,0.95238095238
156,000000E6,1,0.5,0.71428571428
157,000007B0,7,0.025,0.95238095238
158,000006FA,6,0.25,0.83333333333
159,0000017F,2,0.025,0.83333333333
160,0000070B,6,0.5,0.95238095238
161,000002FF,3,0.1,0.95238095238
162,0000057D,5,0.1,0.95238095238
163,00000601,5,0.75,0.90909090909
164,00000518,5,0.01,0.83333333333
165,000007A4,7,0.01,0.71428571428
166,0000014B,2,0.01,0.90909090909
167,0000021F,2,0.5,0.83333333333
168,0000062E,5,1.0,0.83333333333
169,00000955,8,0.1,0.83333333333
170,00000520,5,0.01,0.71428571428
171,000009A9,8,0.5,0.71428571428
172,0000001B,1,0.01,0.83333333333
173,00000361,3,0.5,0.83333333333
174,000004D1,4,0.75,0.71428571428
175,0000032B,3,0.25,0.90909090909
176,00000812,7,0.1,0.83333333333
177,0000042A,4,0.05,0.83333333333
178,0000020F,2,0.5,0.95238095238
179,0000078D,7,0.01,0.90909090909
180,000000BD,1,0.25,0.83333333333
181,00000502,5,0.01,0.95238095238
182,0000026A,2,1.0,0.90909090909
183,00000194,2,0.05,0.95238095238
184,000007A8,7,0.025,0.95238095238
185,0000064D,6,0.01,0.90909090909
186,000002F8,3,0.1,0.95238095238
187,0000076B,6,1.0,0.90909090909
188,000001DB,2,0.1,0.71428571428
189,000007B4,7,0.025,0.90909090909
190,000003F2,4,0.025,0.90909090909
191,000009BC,8,0.75,0.90909090909
192,000004C5,4,0.75,0.83333333333
193,0000048E,4,0.5,0.95238095238
194,00000931,8,0.05,0.71428571428
195,00000874,7,0.75,0.95238095238
196,00000482,4,0.25,0.71428571428
197,00000716,6,0.5,0.90909090909
198,00000748,6,0.75,0.83333333333
199,000003B0,3,1.0,0.83333333333
200,0000024E,2,0.75,0.71428571428
201,000004CC,4,0.75,0.83333333333
202,0000010E,1,0.75,0.71428571428
203,00000144,2,0.01,0.95238095238
204,00000132,1,1.0,0.83333333333
205,0000063C,5,1.0,0.71428571428
206,00000484,4,0.25,0.71428571428
207,00000404,4,0.025,0.83333333333
208,0000098E,8,0.5,0.95238095238
209,000005CF,5,0.5,0.95238095238
210,00000312,3,0.1,0.83333333333
211,0000080A,7,0.1,0.90909090909
212,0000097B,8,0.25,0.83333333333
213,0000011E,1,1.0,0.95238095238
214,00000987,8,0.25,0.71428571428
215,000000C0,1,0.25,0.71428571428
216,00000786,7,0.01,0.95238095238
217,000008EA,8,0.025,0.95238095238
218,00000195,2,0.05,0.95238095238
219,0000082D,7,0.25,0.90909090909
220,000002A0,3,0.01,0.71428571428
221,000004BA,4,0.75,0.90909090909
222,00000678,6,0.025,0.90909090909
223,00000003,1,0.01,0.95238095238
224,00000371,3,0.75,0.95238095238
225,000008EE,8,0.025,0.95238095238
226,00000204,2,0.25,0.71428571428
227,000002F5,3,0.05,0.71428571428
228,000005FB,5,0.75,0.90909090909
229,00000151,2,0.01,0.90909090909
230,00000121,1,1.0,0.95238095238
231,000008D7,8,0.01,0.83333333333
232,000006A7,6,0.05,0.83333333333
233,00000729,6,0.5,0.71428571428
234,000003D1,4,0.01,0.90909090909
235,0000045B,4,0.1,0.71428571428
236,00000045,1,0.025,0.83333333333
237,0000014C,2,0.01,0.90909090909
238,000002C6,3,0.025,0.71428571428
239,000008D1,8,0.01,0.90909090909
240,00000798,7,0.01,0.83333333333
241,00000545,5,0.025,0.83333333333
242,00000902,8,0.025,0.83333333333
243,00000325,3,0.25,0.95238095238
244,0000051A,5,0.01,0.83333333333
245,000004A5,4,0.5,0.83333333333
246,00000081,1,0.1,0.95238095238
247,00000493,4,0.5,0.90909090909
248,00000722,6,0.5,0.83333333333
249,00000115,1,0.75,0.71428571428
250,00000721,6,0.5,0.83333333333
251,0000050A,5,0.01,0.90909090909
252,0000069C,6,0.05,0.90909090909
253,0000069A,6,0.05,0.90909090909
254,00000538,5,0.025,0.90909090909
255,00000935,8,0.05,0.71428571428
256,00000008,1,0.01,0.95238095238
257,00000612,5,0.75,0.71428571428
258,0000058E,5,0.1,0.83333333333
259,0000004D,1,0.025,0.71428571428
260,0000049C,4,0.5,0.83333333333
261,000002B8,3,0.025,0.90909090909
262,000000F0,1,0.75,0.95238095238
263,0000020D,2,0.5,0.95238095238
264,000007BF,7,0.025,0.83333333333
265,000006DA,6,0.1,0.71428571428
266,00000343,3,0.25,0.71428571428
267,000009F3,8,1.0,0.83333333333
268,00000234,2,0.75,0.95238095238
269,000004D4,4,0.75,0.71428571428
270,00000629,5,1.0,0.90909090909
271,000001AF,2,0.05,0.71428571428
272,000002AE,3,0.025,0.95238095238
273,00000593,5,0.1,0.83333333333
274,000008C9,8,0.01,0.95238095238
275,00000954,8,0.1,0.83333333333
276,00000550,5,0.05,0.95238095238
277,0000082B,7,0.25,0.90909090909
278,000007FA,7,0.1,0.95238095238
279,000003BE,3,1.0,0.71428571428
280,0000056F,5,0.05,0.71428571428
281,00000815,7,0.1,0.83333333333
282,000001A6,2,0.05,0.83333333333
283,0000029A,3,0.01,0.83333333333
284,000000B2,1,0.25,0.90909090909
285,0000071A,6,0.5,0.90909090909
286,0000036D,3,0.5,0.71428571428
287,0000005B,1,0.05,0.90909090909
288,00000287,3,0.01,0.95238095238
289,00000206,2,0.25,0.71428571428
290,000009C6,8,0.75,0.83333333333
291,000003DE,4,0.01,0.71428571428
292,00000490,4,0.5,0.95238095238
293,00000668,6,0.025,0.95238095238
294,000009B5,8,0.75,0.95238095238
295,000007CA,7,0.025,0.71428571428
296,000000CA,1,0.5,0.95238095238
297,00000337,3,0.25,0.83333333333
298,000001BB,2,0.1,0.95238095238
299,0000052A,5,0.025,0.95238095238
300,00000060,1,0.05,0.90909090909
301,00000410,4,0.05,0.95238095238
302,000008B5,7,1.0,0.83333333333
303,000006B7,6,0.05,0.71428571428
304,00000088,1,0.1,0.90909090909
305,000008D4,8,0.01,0.83333333333
306,00000224,2,0.5,0.83333333333
307,000002C9,3,0.025,0.71428571428
308,00000976,8,0.25,0.83333333333
309,000009E2,8,1.0,0.90909090909
310,00000495,4,0.5,0.90909090909
311,000006D7,6,0.1,0.71428571428
312,00000964,8,0.25,0.95238095238
313,000008B2,7,1.0,0.83333333333
314,000003CA,4,0.01,0.90909090909
315,0000014A,2,0.01,0.90909090909
316,0000096F,8,0.25,0.90909090909
317,00000174,2,0.025,0.90909090909
318,0000009D,1,0.1,0.71428571428
319,00000500,5,0.01,0.95238095238
320,00000969,8,0.25,0.95238095238
321,0000082C,7,0.25,0.90909090909
322,00000133,1,1.0,0.83333333333
323,000002C3,3,0.025,0.83333333333
324,000001B4,2,0.05,0.71428571428
325,000004A4,4,0.5,0.83333333333
326,000006E6,6,0.25,0.95238095238
327,000006F2,6,0.25,0.90909090909
328,000007D8,7,0.05,0.95238095238
329,00000623,5,1.0,0.90909090909
330,0000075C,6,1.0,0.95238095238
331,0000058B,5,0.1,0.90909090909
332,0000033D,3,0.25,0.83333333333
333,0000029C,3,0.01,0.83333333333
334,00000265,2,1.0,0.90909090909
335,00000652,6,0.01,0.90909090909
336,0000019B,2,0.05,0.90909090909
337,0000012C,1,1.0,0.83333333333
338,000006B2,6,0.05,0.71428571428
339,00000674,6,0.025,0.90909090909
340,000009C4,8,0.75,0.83333333333
341,0000056C,5,0.05,0.83333333333
342,0000019C,2,0.05,0.90909090909
343,00000434,4,0.05,0.71428571428
344,000005DB,5,0.5,0.90909090909
345,0000077B,6,1.0,0.71428571428
346,00000572,5,0.05,0.71428571428
347,000009FF,8,1.0,0.71428571428
348,00000451,4,0.1,0.83333333333
349,00000258,2,1.0,0.95238095238
350,00000774,6,1.0,0.83333333333
351,00000605,5,0.75,0.83333333333
352,0000068C,6,0.025,0.71428571428
353,00000983,8,0.25,0.71428571428
354,00000058,1,0.05,0.95238095238
355,0000069F,6,0.05,0.90909090909
356,000008EC,8,0.025,0.95238095238
357,000004D8,4,1.0,0.95238095238
358,000004DB,4,1.0,0.95238095238
359,000007E4,7,0.05,0.83333333333
360,00000094,1,0.1,0.83333333333
361,0000015B,2,0.01,0.83333333333
362,000004E6,4,1.0,0.90909090909
363,000009D4,8,0.75,0.71428571428
364,000004F2,4,1.0,0.83333333333
365,00000346,3,0.25,0.71428571428
366,000004E9,4,1.0,0.90909090909
367,000005CC,5,0.5,0.95238095238
368,00000521,5,0.01,0.71428571428
369,000006AE,6,0.05,0.71428571428
370,000007AE,7,0.025,0.95238095238
371,00000909,8,0.025,0.71428571428
372,000005B5,5,0.25,0.83333333333
373,00000919,8,0.05,0.95238095238
374,00000746,6,0.75,0.83333333333
375,00000237,2,0.75,0.95238095238
376,00000049,1,0.025,0.71428571428
377,000009AE,8,0.5,0.71428571428
378,00000442,4,0.1,0.90909090909
379,000001B2,2,0.05,0.71428571428
380,000005D4,5,0.5,0.90909090909
381,00000128,1,1.0,0.90909090909
382,00000780,7,0.01,0.95238095238
383,000001E5,2,0.25,0.95238095238
384,00000316,3,0.1,0.71428571428
385,00000793,7,0.01,0.90909090909
386,00000787,7,0.01,0.95238095238
387,000001F1,2,0.25,0.90909090909
388,00000235,2,0.75,0.95238095238
389,00000191,2,0.05,0.95238095238
390,00000021,1,0.01,0.71428571428
391,0000073C,6,0.75,0.90909090909
392,000000AF,1,0.25,0.90909090909
393,0000072C,6,0.5,0.71428571428
394,0000042C,4,0.05,0.83333333333
395,00000569,5,0.05,0.83333333333
396,0000051C,5,0.01,0.83333333333
397,0000028B,3,0.01,0.90909090909
398,0000079B,7,0.01,0.83333333333
399,0000039A,3,1.0,0.95238095238
400,000009F7,8,1.0,0.71428571428
401,000008DC,8,0.01,0.83333333333
402,000009BF,8,0.75,0.90909090909
403,0000029E,3,0.01,0.71428571428
404,000000B4,1,0.25,0.83333333333
405,0000090B,8,0.025,0.71428571428
406,00000852,7,0.5,0.90909090909
407,00000190,2,0.05,0.95238095238
408,00000959,8,0.1,0.71428571428
409,00000199,2,0.05,0.95238095238
410,00000259,2,1.0,0.95238095238
411,000009DF,8,1.0,0.95238095238
412,0000099C,8,0.5,0.83333333333
413,00000183,2,0.025,0.83333333333
414,00000856,7,0.5,0.90909090909
415,00000599,5,0.1,0.71428571428
416,0000064B,6,0.01,0.90909090909
417,00000584,5,0.1,0.90909090909
418,000009E6,8,1.0,0.90909090909
419,000001FC,2,0.25,0.83333333333
420,00000571,5,0.05,0.71428571428
421,000000FD,1,0.75,0.90909090909
422,00000783,7,0.01,0.95238095238
423,000006CB,6,0.1,0.90909090909
424,000004CA,4,0.75,0.83333333333
425,0000042D,4,0.05,0.83333333333
426,0000084A,7,0.5,0.95238095238
427,00000790,7,0.01,0.90909090909
428,00000728,6,0.5,0.71428571428
429,00000109,1,0.75,0.83333333333
430,000006AB,6,0.05,0.83333333333
431,0000067B,6,0.025,0.90909090909
432,00000871,7,0.75,0.95238095238
433,000002AC,3,0.025,0.95238095238
434,00000170,2,0.025,0.95238095238
435,000007A5,7,0.01,0.71428571428
436,00000541,5,0.025,0.83333333333
437,0000050F,5,0.01,0.90909090909
438,00000863,7,0.5,0.83333333333
439,00000158,2,0.01,0.83333333333
440,0000054A,5,0.025,0.71428571428
441,00000227,2,0.5,0.71428571428
442,000005BF,5,0.25,0.71428571428
443,000001C3,2,0.1,0.90909090909
444,000004A0,4,0.5,0.83333333333
445,000006CF,6,0.1,0.83333333333
446,000001AC,2,0.05,0.83333333333
447,0000005A,1,0.05,0.90909090909
448,00000458,4,0.1,0.71428571428
449,0000040F,4,0.025,0.71428571428
450,0000011A,1,1.0,0.95238095238
451,000005C3,5,0.25,0.71428571428
452,00000841,7,0.25,0.71428571428
453,00000636,5,1.0,0.71428571428
454,00000466,4,0.25,0.95238095238
455,000006D4,6,0.1,0.83333333333
456,0000091C,8,0.05,0.90909090909
457,0000093B,8,0.1,0.95238095238
458,000000DA,1,0.5,0.90909090909
459,00000616,5,0.75,0.71428571428
460,000008F0,8,0.025,0.95238095238
461,000004C7,4,0.75,0.83333333333
462,0000021D,2,0.5,0.83333333333
463,000002CC,3,0.025,0.71428571428
464,000004FC,4,1.0,0.71428571428
465,00000949,8,0.1,0.90909090909
466,00000319,3,0.1,0.71428571428
467,000003E8,4,0.025,0.95238095238
468,0000094F,8,0.1,0.83333333333
469,0000030F,3,0.1,0.83333333333
470,00000611,5,0.75,0.71428571428
471,000004F3,4,1.0,0.83333333333
472,0000069E,6,0.05,0.90909090909
473,0000083B,7,0.25,0.83333333333
474,000001B8,2,0.1,0.95238095238
475,000002E6,3,0.05,0.83333333333
476,0000099A,8,0.5,0.90909090909
477,00000020,1,0.01,0.71428571428
478,000006AD,6,0.05,0.83333333333
479,000003C0,4,0.01,0.95238095238
480,00000536,5,0.025,0.90909090909
481,0000078C,7,0.01,0.90909090909
482,000009AA,8,0.5,0.71428571428
483,000005BB,5,0.25,0.83333333333
484,000006DC,6,0.1,0.71428571428
485,0000064C,6,0.01,0.90909090909
486,00000339,3,0.25,0.83333333333
487,0000007D,1,0.1,0.95238095238
488,00000399,3,1.0,0.95238095238
489,00000248,2,0.75,0.83333333333
490,00000813,7,0.1,0.83333333333
491,00000670,6,0.025,0.95238095238
492,00000904,8,0.025,0.83333333333
493,0000055F,5,0.05,0.90909090909
494,0000047D,4,0.25,0.83333333333
495,00000428,4,0.05,0.83333333333
496,000004AB,4,0.5,0.71428571428
497,000007C2,7,0.025,0.83333333333
498,00000972,8,0.25,0.90909090909
499,000000F5,1,0.75,0.95238095238
500,00000512,5,0.01,0.90909090909
501,0000038C,3,0.75,0.83333333333
502,000006D6,6,0.1,0.71428571428
503,000002BC,3,0.025,0.83333333333
504,00000338,3,0.25,0.83333333333
505,0000004A,1,0.025,0.71428571428
506,0000060A,5,0.75,0.83333333333
507,00000952,8,0.1,0.83333333333
508,00000245,2,0.75,0.83333333333
509,0000068F,6,0.025,0.71428571428
510,000002DC,3,0.05,0.90909090909
511,000008A2,7,1.0,0.90909090909
512,00000622,5,1.0,0.90909090909
513,00000657,6,0.01,0.83333333333
514,00000836,7,0.25,0.83333333333
515,000004B5,4,0.75,0.95238095238
516,0000018D,2,0.025,0.71428571428
517,0000052B,5,0.025,0.95238095238
518,00000501,5,0.01,0.95238095238
519,00000649,6,0.01,0.95238095238
520,000007DF,7,0.05,0.90909090909
521,000004EF,4,1.0,0.83333333333
522,0000071C,6,0.5,0.83333333333
523,00000345,3,0.25,0.71428571428
524,0000020C,2,0.5,0.95238095238
525,00000522,5,0.01,0.71428571428
526,000008A8,7,1.0,0.90909090909
527,000008E0,8,0.01,0.71428571428
528,00000057,1,0.05,0.95238095238
529,00000756,6,0.75,0.71428571428
530,000004DC,4,1.0,0.95238095238
531,000001EB,2,0.25,0.90909090909
532,0000041B,4,0.05,0.90909090909
533,000007F8,7,0.1,0.95238095238
534,00000220,2,0.5,0.83333333333
535,00000537,5,0.025,0.90909090909
536,000001EA,2,0.25,0.90909090909
537,0000080C,7,0.1,0.83333333333
538,0000089D,7,1.0,0.95238095238
539,00000515,5,0.01,0.83333333333
540,00000789,7,0.01,0.95238095238
541,0000015C,2,0.01,0.83333333333
542,00000506,5,0.01,0.95238095238
543,00000940,8,0.1,0.95238095238
544,000005F9,5,0.75,0.95238095238
545,000005E5,5,0.5,0.83333333333
546,000007D0,7,0.05,0.95238095238
547,000000CC,1,0.5,0.95238095238
548,00000699,6,0.05,0.95238095238
549,00000426,4,0.05,0.83333333333
550,000006A2,6,0.05,0.90909090909
551,000000E8,1,0.5,0.71428571428
552,000001DC,2,0.1,0.71428571428
553,000003D4,4,0.01,0.83333333333
554,00000127,1,1.0,0.90909090909
555,000007FF,7,0.1,0.95238095238
556,00000479,4,0.25,0.83333333333
557,00000031,1,0.025,0.95238095238
558,00000809,7,0.1,0.90909090909
559,000006C6,6,0.1,0.90909090909
560,0000038A,3,0.75,0.83333333333
561,000001CA,2,0.1,0.90909090909
562,000008A4,7,1.0,0.90909090909
563,00000927,8,0.05,0.83333333333
564,00000743,6,0.75,0.90909090909
565,00000298,3,0.01,0.83333333333
566,0000034E,3,0.5,0.95238095238
567,00000119,1,1.0,0.95238095238
568,000003D9,4,0.01,0.83333333333
569,000006B6,6,0.05,0.71428571428
570,00000449,4,0.1,0.90909090909
571,0000072D,6,0.5,0.71428571428
572,00000832,7,0.25,0.90909090909
573,000002ED,3,0.05,0.83333333333
574,0000043D,4,0.1,0.95238095238
575,00000279,2,1.0,0.71428571428
576,00000602,5,0.75,0.90909090909
577,000004E4,4,1.0,0.90909090909
578,0000081F,7,0.1,0.71428571428
579,000006C2,6,0.1,0.90909090909
580,00000990,8,0.5,0.95238095238
581,000000A4,1,0.25,0.95238095238
582,000008AD,7,1.0,0.83333333333
583,00000304,3,0.1,0.90909090909
584,0000040D,4,0.025,0.71428571428
585,000008A6,7,1.0,0.90909090909
586,00000159,2,0.01,0.83333333333
587,000002D0,3,0.05,0.95238095238
588,00000377,3,0.75,0.95238095238
589,00000866,7,0.5,0.71428571428
590,0000087F,7,0.75,0.90909090909
591,00000767,6,1.0,0.90909090909
592,000005DA,5,0.5,0.90909090909
593,00000074,1,0.05,0.71428571428
594,00000724,6,0.5,0.83333333333
595,00000791,7,0.01,0.90909090909
596,0000089F,7,1.0,0.95238095238
597,0000063A,5,1.0,0.71428571428
598,00000682,6,0.025,0.83333333333
599,000002C2,3,0.025,0.83333333333
600,00000762,6,1.0,0.90909090909
601,0000044F,4,0.1,0.83333333333
602,00000363,3,0.5,0.83333333333
603,00000486,4,0.25,0.71428571428
604,000004EB,4,1.0,0.90909090909
605,00000862,7,0.5,0.83333333333
606,000009A2,8,0.5,0.83333333333
607,00000826,7,0.25,0.95238095238
608,000001FF,2,0.25,0.71428571428
609,000006FF,6,0.25,0.71428571428
610,0000092B,8,0.05,0.83333333333
611,00000816,7,0.1,0.71428571428
612,000004EA,4,1.0,0.90909090909
613,000000B1,1,0.25,0.90909090909
614,000007AC,7,0.025,0.95238095238
615,000004B6,4,0.75,0.95238095238
616,000000DD,1,0.5,0.83333333333
617,000000E9,1,0.5,0.71428571428
618,00000023,1,0.01,0.71428571428
619,0000057C,5,0.1,0.95238095238
620,0000028C,3,0.01,0.90909090909
621,0000047A,4,0.25,0.83333333333
622,00000965,8,0.25,0.95238095238
623,0000010C,1,0.75,0.83333333333
624,0000031B,3,0.1,0.71428571428
625,000009C5,8,0.75,0.83333333333
626,00000723,6,0.5,0.83333333333
627,00000998,8,0.5,0.90909090909
628,0000022F,2,0.5,0.71428571428
629,0000027B,2,1.0,0.71428571428
630,0000024C,2,0.75,0.83333333333
631,0000005E,1,0.05,0.90909090909
632,000008A0,7,1.0,0.95238095238
633,0000028A,3,0.01,0.90909090909
634,0000041A,4,0.05,0.90909090909
635,000006A5,6,0.05,0.83333333333
636,000009EF,8,1.0,0.83333333333
637,0000083F,7,0.25,0.71428571428
638,00000758,6,1.0,0.95238095238
639,000009A7,8,0.5,0.71428571428
640,000006FB,6,0.25,0.83333333333
641,000008C6,8,0.01,0.95238095238
642,0000086F,7,0.5,0.71428571428
643,000006E2,6,0.25,0.95238095238
644,00000123,1,1.0,0.90909090909
645,0000025B,2,1.0,0.95238095238
646,00000398,3,1.0,0.95238095238
647,0000092F,8,0.05,0.71428571428
648,000008ED,8,0.025,0.95238095238
649,0000059F,5,0.1,0.71428571428
650,00000776,6,1.0,0.71428571428
651,0000014D,2,0.01,0.90909090909
652,000001F5,2,0.25,0.83333333333
653,000008F7,8,0.025,0.90909090909
654,00000025,1,0.01,0.71428571428
655,000009E1,8,1.0,0.95238095238
656,000002A7,3,0.01,0.71428571428
657,000009FB,8,1.0,0.71428571428
658,000001C9,2,0.1,0.90909090909
659,00000993,8,0.5,0.90909090909
660,00000977,8,0.25,0.83333333333
661,00000689,6,0.025,0.71428571428
662,00000126,1,1.0,0.90909090909
663,00000671,6,0.025,0.95238095238
664,0000046A,4,0.25,0.90909090909
665,0000072F,6,0.5,0.71428571428
666,00000393,3,0.75,0.71428571428
667,0000088A,7,0.75,0.83333333333
668,000002AF,3,0.025,0.95238095238
669,000002B5,3,0.025,0.90909090909
670,00000253,2,0.75,0.71428571428
671,000007C9,7,0.025,0.71428571428
672,000009AB,8,0.5,0.71428571428
673,0000079C,7,0.01,0.83333333333
674,000003F1,4,0.025,0.95238095238
675,0000069D,6,0.05,0.90909090909
676,0000040E,4,0.025,0.71428571428
677,0000095D,8,0.1,0.71428571428
678,0000002B,1,0.025,0.95238095238
679,00000981,8,0.25,0.71428571428
680,00000982,8,0.25,0.71428571428
681,000003D3,4,0.01,0.90909090909
682,00000666,6,0.01,0.71428571428
683,00000254,2,0.75,0.71428571428
684,000005D2,5,0.5,0.90909090909
685,00000672,6,0.025,0.90909090909
686,00000242,2,0.75,0.90909090909
687,000001C0,2,0.1,0.95238095238
688,000002EE,3,0.05,0.71428571428
689,00000712,6,0.5,0.90909090909
690,000008C4,8,0.01,0.95238095238
691,00000437,4,0.05,0.71428571428
692,000000A5,1,0.25,0.95238095238
693,000003A0,3,1.0,0.95238095238
694,0000033B,3,0.25,0.83333333333
695,0000076A,6,1.0,0.90909090909
696,000008F9,8,0.025,0.90909090909
697,00000624,5,1.0,0.90909090909
698,000003C9,4,0.01,0.95238095238
699,0000096C,8,0.25,0.90909090909
700,000004B7,4,0.75,0.95238095238
701,0000015A,2,0.01,0.83333333333
702,000007D4,7,0.05,0.95238095238
703,0000067D,6,0.025,0.83333333333
704,000000C2,1,0.25,0.71428571428
705,0000074B,6,0.75,0.83333333333
706,00000432,4,0.05,0.71428571428
707,000008E7,8,0.01,0.71428571428
708,000009B2,8,0.75,0.95238095238
709,0000085F,7,0.5,0.83333333333
710,00000292,3,0.01,0.90909090909
711,0000061B,5,1.0,0.95238095238
712,000009C9,8,0.75,0.83333333333
713,0000017B,2,0.025,0.90909090909
714,0000012F,1,1.0,0.83333333333
715,00000573,5,0.05,0.71428571428
716,00000494,4,0.5,0.90909090909
717,00000205,2,0.25,0.71428571428
718,00000710,6,0.5,0.95238095238
719,000009DB,8,1.0,0.95238095238
720,0000023B,2,0.75,0.90909090909
721,0000044E,4,0.1,0.83333333333
722,00000086,1,0.1,0.90909090909
723,000000AC,1,0.25,0.90909090909
724,0000033C,3,0.25,0.83333333333
725,000000A3,1,0.25,0.95238095238
726,00000078,1,0.1,0.95238095238
727,00000089,1,0.1,0.90909090909
728,0000055A,5,0.05,0.90909090909
729,000005C9,5,0.5,0.95238095238
730,0000024F,2,0.75,0.71428571428
731,000003CF,4,0.01,0.90909090909
732,000001B3,2,0.05,0.71428571428
733,00000737,6,0.75,0.95238095238
734,00000427,4,0.05,0.83333333333
735,0000023E,2,0.75,0.90909090909
736,00000768,6,1.0,0.90909090909
737,000001F8,2,0.25,0.83333333333
738,000009F4,8,1.0,0.83333333333
739,00000706,6,0.25,0.71428571428
740,000005CE,5,0.5,0.95238095238
741,000000FB,1,0.75,0.90909090909
742,000008EF,8,0.025,0.95238095238
743,0000021B,2,0.5,0.90909090909
744,000003BA,3,1.0,0.71428571428
745,000003F4,4,0.025,0.90909090909
746,0000039C,3,1.0,0.95238095238
747,000007F3,7,0.05,0.71428571428
748,000000E5,1,0.5,0.83333333333
749,0000013B,1,1.0,0.71428571428
750,0000073B,6,0.75,0.90909090909
751,000009FC,8,1.0,0.71428571428
752,000008B1,7,1.0,0.83333333333
753,000008BE,7,1.0,0.71428571428
754,00000566,5,0.05,0.83333333333
755,0000003A,1,0.025,0.90909090909
756,000002A6,3,0.01,0.71428571428
757,000004C8,4,0.75,0.83333333333
758,000000D4,1,0.5,0.90909090909
759,000006EA,6,0.25,0.90909090909
760,00000923,8,0.05,0.90909090909
761,00000620,5,1.0,0.95238095238
762,000004ED,4,1.0,0.83333333333
763,00000299,3,0.01,0.83333333333
764,00000485,4,0.25,0.71428571428
765,000005D5,5,0.5,0.90909090909
766,000003CD,4,0.01,0.90909090909
767,00000431,4,0.05,0.71428571428
768,000004A3,4,0.5,0.83333333333
769,00000595,5,0.1,0.83333333333
770,000006CD,6,0.1,0.83333333333
771,00000552,5,0.05,0.95238095238
772,000001F4,2,0.25,0.83333333333
773,00000108,1,0.75,0.83333333333
774,00000953,8,0.1,0.83333333333
775,00000591,5,0.1,0.83333333333
776,00000169,2,0.025,0.95238095238
777,000004C0,4,0.75,0.90909090909
778,0000062B,5,1.0,0.90909090909
779,00000134,1,1.0,0.83333333333
780,000005A3,5,0.25,0.95238095238
781,00000882,7,0.75,0.90909090909
782,00000385,3,0.75,0.83333333333
783,0000027E,2,1.0,0.71428571428
784,000008AF,7,1.0,0.83333333333
785,000003F0,4,0.025,0.95238095238
786,000001E9,2,0.25,0.95238095238
787,000003DA,4,0.01,0.83333333333
788,00000588,5,0.1,0.90909090909
789,000008EB,8,0.025,0.95238095238
790,000006A3,6,0.05,0.90909090909
791,00000684,6,0.025,0.83333333333
792,000000AB,1,0.25,0.90909090909
793,00000820,7,0.25,0.95238095238
794,00000414,4,0.05,0.95238095238
795,0000073D,6,0.75,0.90909090909
796,0000001D,1,0.01,0.83333333333
797,0000010D,1,0.75,0.83333333333
798,00000387,3,0.75,0.83333333333
799,00000638,5,1.0,0.71428571428
800,0000046B,4,0.25,0.90909090909
801,000008C2,8,0.01,0.95238095238
802,00000407,4,0.025,0.71428571428
803,00000478,4,0.25,0.83333333333
804,000002B4,3,0.025,0.90909090909
805,00000476,4,0.25,0.83333333333
806,00000688,6,0.025,0.71428571428
807,00000855,7,0.5,0.90909090909
808,0000045E,4,0.1,0.71428571428
809,00000886,7,0.75,0.83333333333
810,0000006E,1,0.05,0.71428571428
811,000002B0,3,0.025,0.95238095238
812,00000230,2,0.75,0.95238095238
813,00000626,5,1.0,0.90909090909
814,000001C1,2,0.1,0.95238095238
815,000002F7,3,0.05,0.71428571428
816,00000878,7,0.75,0.95238095238
817,00000367,3,0.5,0.71428571428
818,000002AB,3,0.025,0.95238095238
819,00000342,3,0.25,0.71428571428
820,00000056,1,0.05,0.95238095238
821,0000031D,3,0.1,0.71428571428
822,000001CE,2,0.1,0.83333333333
823,000002EB,3,0.05,0.83333333333
824,00000014,1,0.01,0.83333333333
825,00000460,4,0.25,0.95238095238
826,000002C7,3,0.025,0.71428571428
827,000009FD,8,1.0,0.71428571428
828,00000857,7,0.5,0.90909090909
829,00000333,3,0.25,0.90909090909
830,000000DB,1,0.5,0.90909090909
831,00000112,1,0.75,0.71428571428
832,000000E2,1,0.5,0.83333333333
833,0000083C,7,0.25,0.83333333333
834,000004C1,4,0.75,0.90909090909
835,00000489,4,0.5,0.95238095238
836,00000822,7,0.25,0.95238095238
837,0000005D,1,0.05,0.90909090909
838,000003F7,4,0.025,0.90909090909
839,00000732,6,0.75,0.95238095238
840,000005D7,5,0.5,0.90909090909
841,000002E2,3,0.05,0.90909090909
842,00000564,5,0.05,0.83333333333
843,000009DE,8,1.0,0.95238095238
844,00000995,8,0.5,0.90909090909
845,00000210,2,0.5,0.95238095238
846,000001B1,2,0.05,0.71428571428
847,000000CD,1,0.5,0.95238095238
848,0000017C,2,0.025,0.83333333333
849,0000026E,2,1.0,0.83333333333
850,00000239,2,0.75,0.95238095238
851,00000513,5,0.01,0.90909090909
852,00000845,7,0.25,0.71428571428
853,000006F8,6,0.25,0.83333333333
854,0000049E,4,0.5,0.83333333333
855,000001B5,2,0.05,0.71428571428
856,0000087C,7,0.75,0.90909090909
857,00000778,6,1.0,0.71428571428
858,0000050C,5,0.01,0.90909090909
859,00000677,6,0.025,0.90909090909
860,00000350,3,0.5,0.95238095238
861,000009FA,8,1.0,0.71428571428
862,00000967,8,0.25,0.95238095238
863,0000002E,1,0.025,0.95238095238
864,0000062A,5,1.0,0.90909090909
865,0000019F,2,0.05,0.90909090909
866,00000444,4,0.1,0.90909090909
867,00000468,4,0.25,0.95238095238
868,00000589,5,0.1,0.90909090909
869,0000058C,5,0.1,0.83333333333
870,00000755,6,0.75,0.71428571428
871,000007FD,7,0.1,0.95238095238
872,000000A7,1,0.25,0.95238095238
873,00000291,3,0.01,0.90909090909
874,000005EB,5,0.5,0.71428571428
875,000001F3,2,0.25,0.90909090909
876,00000511,5,0.01,0.90909090909
877,0000072A,6,0.5,0.71428571428
878,00000099,1,0.1,0.71428571428
879,0000044B,4,0.1,0.90909090909
880,0000067C,6,0.025,0.83333333333
881,0000029B,3,0.01,0.83333333333
882,00000558,5,0.05,0.95238095238
883,000005AE,5,0.25,0.90909090909
884,000008BC,7,1.0,0.71428571428
885,00000037,1,0.025,0.90909090909
886,00000228,2,0.5,0.71428571428
887,0000016F,2,0.025,0.95238095238
888,0000090E,8,0.025,0.71428571428
889,00000103,1,0.75,0.90909090909
890,00000000,1,0.01,0.95238095238
891,0000043A,4,0.1,0.95238095238
892,00000091,1,0.1,0.83333333333
893,00000835,7,0.25,0.83333333333
894,0000070F,6,0.5,0.95238095238
895,00000341,3,0.25,0.71428571428
896,0000018C,2,0.025,0.71428571428
897,00000009,1,0.01,0.95238095238
898,00000950,8,0.1,0.83333333333
899,000001A2,2,0.05,0.90909090909
900,000007EC,7,0.05,0.83333333333
901,00000525,5,0.01,0.71428571428
902,00000933,8,0.05,0.71428571428
903,000005FE,5,0.75,0.90909090909
904,000009D7,8,0.75,0.71428571428
905,0000075D,6,1.0,0.95238095238
906,000002EA,3,0.05,0.83333333333
907,0000031A,3,0.1,0.71428571428
908,0000092D,8,0.05,0.83333333333
909,0000099E,8,0.5,0.83333333333
910,00000781,7,0.01,0.95238095238
911,00000296,3,0.01,0.83333333333
912,000000BA,1,0.25,0.83333333333
913,000008AB,7,1.0,0.90909090909
914,00000327,3,0.25,0.95238095238
915,000000D6,1,0.5,0.90909090909
916,00000913,8,0.05,0.95238095238
917,000007D5,7,0.05,0.95238095238
918,000006F3,6,0.25,0.90909090909
919,00000905,8,0.025,0.83333333333
920,000009BD,8,0.75,0.90909090909
921,0000066A,6,0.025,0.95238095238
922,00000145,2,0.01,0.95238095238
923,000005C0,5,0.25,0.71428571428
924,00000770,6,1.0,0.83333333333
925,000005F2,5,0.75,0.95238095238
926,000007A1,7,0.01,0.71428571428
927,00000365,3,0.5,0.83333333333
928,00000530,5,0.025,0.95238095238
929,00000991,8,0.5,0.95238095238
930,00000779,6,1.0,0.71428571428
931,000003FE,4,0.025,0.83333333333
932,0000063B,5,1.0,0.71428571428
933,0000023A,2,0.75,0.90909090909
934,0000092C,8,0.05,0.83333333333
935,000000F4,1,0.75,0.95238095238
936,000001D4,2,0.1,0.83333333333
937,00000356,3,0.5,0.90909090909
938,000001E1,2,0.25,0.95238095238
939,00000318,3,0.1,0.71428571428
940,000006C5,6,0.1,0.90909090909
941,0000057F,5,0.1,0.95238095238
942,000000EE,1,0.5,0.71428571428
943,0000074E,6,0.75,0.71428571428
944,000008C8,8,0.01,0.95238095238
945,00000632,5,1.0,0.83333333333
946,000000F3,1,0.75,0.95238095238
947,0000053E,5,0.025,0.83333333333
948,000000A2,1,0.25,0.95238095238
949,00000288,3,0.01,0.95238095238
950,00000630,5,1.0,0.83333333333
951,0000039B,3,1.0,0.95238095238
952,000004F0,4,1.0,0.83333333333
953,0000053B,5,0.025,0.90909090909
954,000008D5,8,0.01,0.83333333333
955,000006A4,6,0.05,0.83333333333
956,00000079,1,0.1,0.95238095238
957,0000078A,7,0.01,0.90909090909
958,000002C4,3,0.025,0.83333333333
959,000006E4,6,0.25,0.95238095238
960,00000137,1,1.0,0.71428571428
961,000007DC,7,0.05,0.90909090909
962,00000269,2,1.0,0.90909090909
963,000008E5,8,0.01,0.71428571428
964,0000042B,4,0.05,0.83333333333
965,000007CB,7,0.025,0.71428571428
966,00000130,1,1.0,0.83333333333
967,000003C2,4,0.01,0.95238095238
968,000009F2,8,1.0,0.83333333333
969,000005D1,5,0.5,0.95238095238
970,00000197,2,0.05,0.95238095238
971,00000523,5,0.01,0.71428571428
972,000001D6,2,0.1,0.71428571428
973,00000405,4,0.025,0.83333333333
974,000004FF,4,1.0,0.71428571428
975,00000641,6,0.01,0.95238095238
976,00000257,2,0.75,0.71428571428
977,0000095A,8,0.1,0.71428571428
978,0000022E,2,0.5,0.71428571428
979,0000021C,2,0.5,0.83333333333
980,000001C6,2,0.1,0.90909090909
981,00000892,7,0.75,0.71428571428
982,00000546,5,0.025,0.71428571428
983,00000772,6,1.0,0.83333333333
984,000004D7,4,0.75,0.71428571428
985,0000018B,2,0.025,0.71428571428
986,0000003E,1,0.025,0.83333333333
987,00000430,4,0.05,0.71428571428
988,00000829,7,0.25,0.95238095238
989,0000073F,6,0.75,0.90909090909
990,0000018A,2,0.025,0.71428571428
991,00000930,8,0.05,0.71428571428
992,0000074C,6,0.75,0.83333333333
993,000009FE,8,1.0,0.71428571428
994,000007AA,7,0.025,0.95238095238
995,000006F5,6,0.25,0.83333333333
996,00000607,5,0.75,0.83333333333
997,00000214,2,0.5,0.90909090909
998,000000EC,1,0.5,0.71428571428
999,00000875,7,0.75,0.95238095238
1000,000009A6,8,0.5,0.71428571428
1001,000008F5,8,0.025,0.90909090909
1002,000002EF,3,0.05,0.71428571428
1003,00000124,1,1.0,0.90909090909
1004,0000024B,2,0.75,0.83333333333
1005,00000676,6,0.025,0.90909090909
1006,00000527,5,0.01,0.71428571428
1007,00000396,3,0.75,0.71428571428
1008,00000690,6,0.05,0.95238095238
1009,000004C2,4,0.75,0.90909090909
1010,0000005C,1,0.05,0.90909090909
1011,000008C7,8,0.01,0.95238095238
1012,0000081B,7,0.1,0.71428571428
1013,00000578,5,0.1,0.95238095238
1014,0000042E,4,0.05,0.71428571428
1015,000000DC,1,0.5,0.83333333333
1016,0000031F,3,0.1,0.71428571428
1017,00000505,5,0.01,0.95238095238
1018,000009F9,8,1.0,0.71428571428
1019,0000006A,1,0.05,0.83333333333
1020,000007BB,7,0.025,0.90909090909
1021,0000043C,4,0.1,0.95238095238
1022,0000077D,6,1.0,0.71428571428
1023,00000189,2,0.025,0.71428571428
1024,000008E9,8,0.025,0.95238095238
1025,000002D6,3,0.05,0.95238095238
1026,0000032F,3,0.25,0.90909090909
1027,000007C0,7,0.025,0.83333333333
1028,00000101,1,0.75,0.90909090909
1029,00000554,5,0.05,0.95238095238
1030,000003B2,3,1.0,0.83333333333
1031,000004F7,4,1.0,0.71428571428
1032,00000847,7,0.25,0.71428571428
1033,000006B9,6,0.1,0.95238095238
1034,00000073,1,0.05,0.71428571428
1035,000000D7,1,0.5,0.90909090909
1036,00000702,6,0.25,0.71428571428
1037,0000013A,1,1.0,0.71428571428
1038,0000072B,6,0.5,0.71428571428
1039,0000066C,6,0.025,0.95238095238
1040,00000149,2,0.01,0.95238095238
1041,00000567,5,0.05,0.83333333333
1042,000008FC,8,0.025,0.83333333333
1043,00000548,5,0.025,0.71428571428
1044,000002FD,3,0.1,0.95238095238
1045,000005C7,5,0.25,0.71428571428
1046,000004B4,4,0.75,0.95238095238
1047,000009D6,8,0.75,0.71428571428
1048,00000150,2,0.01,0.90909090909
1049,000005AB,5,0.25,0.90909090909
1050,0000093F,8,0.1,0.95238095238
1051,00000229,2,0.5,0.71428571428
1052,0000024A,2,0.75,0.83333333333
1053,0000093E,8,0.1,0.95238095238
1054,00000331,3,0.25,0.90909090909
1055,0000066E,6,0.025,0.95238095238
1056,000005CD,5,0.5,0.95238095238
1057,00000860,7,0.5,0.83333333333
1058,0000016D,2,0.025,0.95238095238
1059,00000771,6,1.0,0.83333333333
1060,000004DE,4,1.0,0.95238095238
1061,000006D0,6,0.1,0.83333333333
1062,0000024D,2,0.75,0.83333333333
1063,0000060C,5,0.75,0.83333333333
1064,000004FA,4,1.0,0.71428571428
1065,000006EE,6,0.25,0.90909090909
1066,0000029F,3,0.01,0.71428571428
1067,000007A7,7,0.01,0.71428571428
1068,00000853,7,0.5,0.90909090909
1069,000004AF,4,0.5,0.71428571428
1070,0000052D,5,0.025,0.95238095238
1071,00000207,2,0.25,0.71428571428
1072,0000049F,4,0.5,0.83333333333
1073,000003A9,3,1.0,0.90909090909
1074,00000221,2,0.5,0.83333333333
1075,000005B7,5,0.25,0.83333333333
1076,0000058A,5,0.1,0.90909090909
1077,00000692,6,0.05,0.95238095238
1078,00000736,6,0.75,0.95238095238
1079,00000877,7,0.75,0.95238095238
1080,0000041E,4,0.05,0.90909090909
1081,000002B7,3,0.025,0.90909090909
1082,00000741,6,0.75,0.90909090909
1083,000008C5,8,0.01,0.95238095238
1084,0000098A,8,0.5,0.95238095238
1085,00000157,2,0.01,0.83333333333
1086,00000001,1,0.01,0.95238095238
1087,000008F3,8,0.025,0.90909090909
1088,000000A0,1,0.25,0.95238095238
1089,000004E0,4,1.0,0.95238095238
1090,000003B7,3,1.0,0.71428571428
1091,00000064,1,0.05,0.83333333333
1092,00000146,2,0.01,0.95238095238
1093,000003FA,4,0.025,0.90909090909
1094,00000939,8,0.1,0.95238095238
1095,000004AA,4,0.5,0.71428571428
1096,000005E4,5,0.5,0.83333333333
1097,000001D9,2,0.1,0.71428571428
1098,000009EB,8,1.0,0.90909090909
1099,00000663,6,0.01,0.71428571428
1100,000001E4,2,0.25,0.95238095238
1101,00000903,8,0.025,0.83333333333
1102,0000037F,3,0.75,0.90909090909
1103,00000033,1,0.025,0.90909090909
1104,000003A1,3,1.0,0.95238095238
1105,000007B5,7,0.025,0.90909090909
1106,000007EF,7,0.05,0.71428571428
1107,00000349,3,0.5,0.95238095238
1108,000005A8,5,0.25,0.95238095238
1109,000009CC,8,0.75,0.83333333333
1110,000002D8,3,0.05,0.95238095238
1111,0000088B,7,0.75,0.83333333333
1112,0000095F,8,0.1,0.71428571428
1113,00000225,2,0.5,0.83333333333
1114,00000433,4,0.05,0.71428571428
1115,0000096E,8,0.25,0.90909090909
1116,00000947,8,0.1,0.90909090909
1117,000003C4,4,0.01,0.95238095238
1118,000006C1,6,0.1,0.95238095238
1119,00000560,5,0.05,0.90909090909
1120,00000261,2,1.0,0.95238095238
1121,000000D1,1,0.5,0.95238095238
1122,000006C9,6,0.1,0.90909090909
1123,00000065,1,0.05,0.83333333333
1124,0000089A,7,1.0,0.95238095238
1125,0000046E,4,0.25,0.90909090909
1126,00000320,3,0.25,0.95238095238
1127,00000533,5,0.025,0.90909090909
1128,0000002D,1,0.025,0.95238095238
1129,0000080B,7,0.1,0.90909090909
1130,000007C3,7,0.025,0.83333333333
1131,000002D9,3,0.05,0.95238095238
1132,000006D3,6,0.1,0.83333333333
1133,0000095B,8,0.1,0.71428571428
1134,000003ED,4,0.025,0.95238095238
1135,0000068E,6,0.025,0.71428571428
1136,00000238,2,0.75,0.95238095238
1137,000009AD,8,0.5,0.71428571428
1138,0000040C,4,0.025,0.71428571428
1139,000003CB,4,0.01,0.90909090909
1140,000001CC,2,0.1,0.83333333333
1141,0000054F,5,0.025,0.71428571428
1142,000008C0,8,0.01,0.95238095238
1143,0000086B,7,0.5,0.71428571428
1144,000008B8,7,1.0,0.71428571428
1145,00000957,8,0.1,0.71428571428
1146,00000802,7,0.1,0.90909090909
1147,000008F1,8,0.025,0.95238095238
1148,0000000B,1,0.01,0.90909090909
1149,000005F3,5,0.75,0.95238095238
1150,000009B7,8,0.75,0.95238095238
1151,000006F4,6,0.25,0.83333333333
1152,00000929,8,0.05,0.83333333333
1153,000009D0,8,0.75,0.71428571428
1154,00000992,8,0.5,0.90909090909
1155,0000089E,7,1.0,0.95238095238
1156,000002A1,3,0.01,0.71428571428
1157,000000C1,1,0.25,0.71428571428
1158,000002FA,3,0.1,0.95238095238
1159,0000099F,8,0.5,0.83333333333
1160,000009DA,8,1.0,0.95238095238
1161,000007AD,7,0.025,0.95238095238
1162,0000081A,7,0.1,0.71428571428
1163,00000429,4,0.05,0.83333333333
1164,0000058D,5,0.1,0.83333333333
1165,000005B6,5,0.25,0.83333333333
1166,000007EE,7,0.05,0.71428571428
1167,0000054E,5,0.025,0.71428571428
1168,000006C8,6,0.1,0.90909090909
1169,0000017E,2,0.025,0.83333333333
1170,00000730,6,0.75,0.95238095238
1171,000005E2,5,0.5,0.83333333333
1172,0000060E,5,0.75,0.71428571428
1173,000003BF,3,1.0,0.71428571428
1174,00000481,4,0.25,0.71428571428
1175,000005D9,5,0.5,0.90909090909
1176,0000006C,1,0.05,0.83333333333
1177,00000334,3,0.25,0.83333333333
1178,00000010,1,0.01,0.90909090909
1179,000001DA,2,0.1,0.71428571428
1180,000004D9,4,1.0,0.95238095238
1181,00000884,7,0.75,0.83333333333
1182,0000007F,1,0.1,0.95238095238
1183,00000390,3,0.75,0.71428571428
1184,00000129,1,1.0,0.90909090909
1185,0000083D,7,0.25,0.83333333333
1186,00000685,6,0.025,0.83333333333
1187,0000044D,4,0.1,0.83333333333
1188,000005FC,5,0.75,0.90909090909
1189,0000004B,1,0.025,0.71428571428
1190,00000422,4,0.05,0.90909090909
1191,00000713,6,0.5,0.90909090909
1192,00000563,5,0.05,0.90909090909
1193,00000175,2,0.025,0.90909090909
1194,0000015D,2,0.01,0.83333333333
1195,00000277,2,1.0,0.71428571428
1196,0000088F,7,0.75,0.71428571428
1197,0000039E,3,1.0,0.95238095238
1198,00000267,2,1.0,0.90909090909
1199,000001BC,2,0.1,0.95238095238
1200,000000A9,1,0.25,0.95238095238
1201,00000472,4,0.25,0.90909090909
1202,0000031E,3,0.1,0.71428571428
1203,0000058F,5,0.1,0.83333333333
1204,000007D7,7,0.05,0.95238095238
1205,00000532,5,0.025,0.90909090909
1206,000002F9,3,0.1,0.95238095238
1207,0000035E,3,0.5,0.83333333333
1208,00000799,7,0.01,0.83333333333
1209,0000086C,7,0.5,0.71428571428
1210,00000283,3,0.01,0.95238095238
1211,00000244,2,0.75,0.83333333333
1212,00000659,6,0.01,0.83333333333
1213,00000324,3,0.25,0.95238095238
1214,0000022B,2,0.5,0.71428571428
1215,000008BA,7,1.0,0.71428571428
1216,000000CB,1,0.5,0.95238095238
1217,000009AC,8,0.5,0.71428571428
1218,0000097C,8,0.25,0.83333333333
1219,00000406,4,0.025,0.71428571428
1220,0000027C,2,1.0,0.71428571428
1221,0000008B,1,0.1,0.90909090909
1222,000006EF,6,0.25,0.90909090909
1223,000006F7,6,0.25,0.83333333333
1224,000005BD,5,0.25,0.83333333333
1225,00000840,7,0.25,0.71428571428
1226,00000383,3,0.75,0.90909090909
1227,0000065B,6,0.01,0.83333333333
1228,000005A2,5,0.25,0.95238095238
1229,00000138,1,1.0,0.71428571428
1230,000003AC,3,1.0,0.83333333333
1231,00000311,3,0.1,0.83333333333
1232,0000064E,6,0.01,0.90909090909
1233,00000171,2,0.025,0.95238095238
1234,00000474,4,0.25,0.83333333333
1235,000008E2,8,0.01,0.71428571428
1236,00000445,4,0.1,0.90909090909
1237,00000097,1,0.1,0.71428571428
1238,000003DB,4,0.01,0.83333333333
1239,0000001C,1,0.01,0.83333333333
1240,000003B4,3,1.0,0.83333333333
1241,000001B7,2,0.05,0.71428571428
1242,000007F5,7,0.05,0.71428571428
1243,000006ED,6,0.25,0.90909090909
1244,000004BD,4,0.75,0.90909090909
1245,000000B0,1,0.25,0.90909090909
1246,000009A1,8,0.5,0.83333333333
1247,0000062D,5,1.0,0.83333333333
1248,00000294,3,0.01,0.83333333333
1249,00000264,2,1.0,0.90909090909
1250,000006B0,6,0.05,0.71428571428
1251,00000651,6,0.01,0.90909090909
1252,000008E3,8,0.01,0.71428571428
1253,00000827,7,0.25,0.95238095238
1254,0000006F,1,0.05,0.71428571428
1255,00000675,6,0.025,0.90909090909
1256,00000166,2,0.01,0.71428571428
1257,000002B9,3,0.025,0.90909090909
1258,000009A8,8,0.5,0.71428571428
1259,0000067A,6,0.025,0.90909090909
1260,00000661,6,0.01,0.71428571428
1261,000000FA,1,0.75,0.90909090909
1262,00000543,5,0.025,0.83333333333
1263,0000067F,6,0.025,0.83333333333
1264,000001EF,2,0.25,0.90909090909
1265,00000819,7,0.1,0.71428571428
1266,0000049D,4,0.5,0.83333333333
1267,000001E2,2,0.25,0.95238095238
1268,00000804,7,0.1,0.90909090909
1269,00000029,1,0.025,0.95238095238
1270,00000233,2,0.75,0.95238095238
1271,0000014E,2,0.01,0.90909090909
1272,00000107,1,0.75,0.83333333333
1273,000001FA,2,0.25,0.83333333333
1274,000000F2,1,0.75,0.95238095238
1275,000008A7,7,1.0,0.90909090909
1276,0000093D,8,0.1,0.95238095238
1277,00000934,8,0.05,0.71428571428
1278,00000470,4,0.25,0.90909090909
1279,0000041D,4,0.05,0.90909090909
1280,000006B8,6,0.1,0.95238095238
1281,000001F2,2,0.25,0.90909090909
1282,000001EC,2,0.25,0.90909090909
1283,00000095,1,0.1,0.83333333333
1284,000002F4,3,0.05,0.71428571428
1285,00000765,6,1.0,0.90909090909
1286,000007A6,7,0.01,0.71428571428
1287,00000617,5,0.75,0.71428571428
1288,000005B3,5,0.25,0.90909090909
1289,00000948,8,0.1,0.90909090909
1290,00000938,8,0.1,0.95238095238
1291,00000147,2,0.01,0.95238095238
1292,000005DD,5,0.5,0.83333333333
1293,00000565,5,0.05,0.83333333333
1294,00000582,5,0.1,0.90909090909
1295,00000807,7,0.1,0.90909090909
1296,000005A6,5,0.25,0.95238095238
1297,000005D0,5,0.5,0.95238095238
1298,000007C6,7,0.025,0.71428571428
1299,00000734,6,0.75,0.95238095238
1300,00000899,7,1.0,0.95238095238
1301,0000003F,1,0.025,0.83333333333
1302,0000000C,1,0.01,0.90909090909
1303,0000001E,1,0.01,0.71428571428
1304,00000347,3,0.25,0.71428571428
1305,000005C8,5,0.5,0.95238095238
1306,0000096D,8,0.25,0.90909090909
1307,00000425,4,0.05,0.83333333333
1308,00000797,7,0.01,0.83333333333
1309,00000231,2,0.75,0.95238095238
1310,0000091E,8,0.05,0.90909090909
1311,000001C2,2,0.1,0.90909090909
1312,000006F6,6,0.25,0.83333333333
1313,0000074F,6,0.75,0.71428571428
1314,00000814,7,0.1,0.83333333333
1315,00000114,1,0.75,0.71428571428
1316,000003A8,3,1.0,0.90909090909
1317,00000750,6,0.75,0.71428571428
1318,00000975,8,0.25,0.83333333333
1319,000001B9,2,0.1,0.95238095238
1320,00000792,7,0.01,0.90909090909
1321,000009CE,8,0.75,0.71428571428
1322,00000936,8,0.05,0.71428571428
1323,0000084F,7,0.5,0.95238095238
1324,0000095C,8,0.1,0.71428571428
1325,00000777,6,1.0,0.71428571428
1326,0000096A,8,0.25,0.90909090909
1327,00000243,2,0.75,0.90909090909
1328,000009BB,8,0.75,0.90909090909
1329,0000092E,8,0.05,0.71428571428
1330,00000391,3,0.75,0.71428571428
1331,00000499,4,0.5,0.90909090909
1332,000007B1,7,0.025,0.95238095238
1333,00000284,3,0.01,0.95238095238
1334,00000963,8,0.25,0.95238095238
1335,00000381,3,0.75,0.90909090909
1336,00000644,6,0.01,0.95238095238
1337,000008DB,8,0.01,0.83333333333
1338,0000029D,3,0.01,0.83333333333
1339,00000372,3,0.75,0.95238095238
1340,000005E8,5,0.5,0.71428571428
1341,000000ED,1,0.5,0.71428571428
1342,00000359,3,0.5,0.90909090909
1343,0000048B,4,0.5,0.95238095238
1344,000006E5,6,0.25,0.95238095238
1345,0000044A,4,0.1,0.90909090909
1346,00000044,1,0.025,0.83333333333
1347,0000087A,7,0.75,0.90909090909
1348,0000008A,1,0.1,0.90909090909
1349,0000045C,4,0.1,0.71428571428
1350,000008CA,8,0.01,0.90909090909
1351,000004FE,4,1.0,0.71428571428
1352,000006BD,6,0.1,0.95238095238
1353,00000609,5,0.75,0.83333333333
1354,00000477,4,0.25,0.83333333333
1355,000002E0,3,0.05,0.90909090909
1356,00000067,1,0.05,0.83333333333
1357,000008B7,7,1.0,0.71428571428
1358,0000026F,2,1.0,0.83333333333
1359,000008CD,8,0.01,0.90909090909
1360,000007E5,7,0.05,0.83333333333
1361,0000005F,1,0.05,0.90909090909
1362,00000553,5,0.05,0.95238095238
1363,000007D3,7,0.05,0.95238095238
1364,000007B7,7,0.025,0.90909090909
1365,0000027F,2,1.0,0.71428571428
1366,000004B0,4,0.75,0.95238095238
1367,0000013E,1,1.0,0.71428571428
1368,0000019E,2,0.05,0.90909090909
1369,00000669,6,0.025,0.95238095238
1370,0000088C,7,0.75,0.83333333333
1371,000004F5,4,1.0,0.83333333333
1372,00000340,3,0.25,0.71428571428
1373,000002CB,3,0.025,0.71428571428
1374,000009D5,8,0.75,0.71428571428
1375,00000282,3,0.01,0.95238095238
1376,000008D2,8,0.01,0.90909090909
1377,00000673,6,0.025,0.90909090909
1378,0000055C,5,0.05,0.90909090909
1379,00000691,6,0.05,0.95238095238
1380,000002B6,3,0.025,0.90909090909
1381,0000089B,7,1.0,0.95238095238
1382,00000483,4,0.25,0.71428571428
1383,0000016E,2,0.025,0.95238095238
1384,00000738,6,0.75,0.95238095238
1385,000009F5,8,1.0,0.83333333333
1386,0000035B,3,0.5,0.90909090909
1387,00000054,1,0.05,0.95238095238
1388,000009E9,8,1.0,0.90909090909
1389,00000027,1,0.01,0.71428571428
1390,000006A8,6,0.05,0.83333333333
1391,00000549,5,0.025,0.71428571428
1392,000002CA,3,0.025,0.71428571428
1393,00000924,8,0.05,0.83333333333
1394,00000055,1,0.05,0.95238095238
1395,0000077C,6,1.0,0.71428571428
1396,00000966,8,0.25,0.95238095238
1397,0000042F,4,0.05,0.71428571428
1398,00000416,4,0.05,0.95238095238
1399,000009CF,8,0.75,0.71428571428
1400,0000009B,1,0.1,0.71428571428
1401,00000154,2,0.01,0.83333333333
1402,00000524,5,0.01,0.71428571428
1403,0000025E,2,1.0,0.95238095238
1404,00000680,6,0.025,0.83333333333
1405,000002CE,3,0.025,0.71428571428
1406,000003A6,3,1.0,0.90909090909
1407,000003BB,3,1.0,0.71428571428
1408,0000068D,6,0.025,0.71428571428
1409,00000794,7,0.01,0.83333333333
1410,000003EC,4,0.025,0.95238095238
1411,000008FA,8,0.025,0.90909090909
1412,00000226,2,0.5,0.71428571428
1413,00000631,5,1.0,0.83333333333
1414,00000326,3,0.25,0.95238095238
1415,000000FF,1,0.75,0.90909090909
1416,0000070C,6,0.5,0.95238095238
1417,00000139,1,1.0,0.71428571428
1418,00000281,3,0.01,0.95238095238
1419,000004BB,4,0.75,0.90909090909
1420,000005A9,5,0.25,0.95238095238
1421,000001C7,2,0.1,0.90909090909
1422,0000002F,1,0.025,0.95238095238
1423,000001EE,2,0.25,0.90909090909
1424,000008FE,8,0.025,0.83333333333
1425,000003E5,4,0.01,0.71428571428
1426,000003E1,4,0.01,0.71428571428
1427,00000848,7,0.5,0.95238095238
1428,0000013F,1,1.0,0.71428571428
1429,00000893,7,0.75,0.71428571428
1430,000006A6,6,0.05,0.83333333333
1431,000005CA,5,0.5,0.95238095238
1432,000006A9,6,0.05,0.83333333333
1433,00000063,1,0.05,0.90909090909
1434,0000009A,1,0.1,0.71428571428
1435,00000275,2,1.0,0.83333333333
1436,00000555,5,0.05,0.95238095238
1437,000000D2,1,0.5,0.90909090909
1438,000007F4,7,0.05,0.71428571428
1439,00000978,8,0.25,0.83333333333
1440,00000080,1,0.1,0.95238095238
1441,00000335,3,0.25,0.83333333333
1442,000001F0,2,0.25,0.90909090909
1443,000003D7,4,0.01,0.83333333333
1444,000001CF,2,0.1,0.83333333333
1445,0000012E,1,1.0,0.83333333333
1446,000005B9,5,0.25,0.83333333333
1447,00000076,1,0.05,0.71428571428
1448,000001CD,2,0.1,0.83333333333
1449,000007E1,7,0.05,0.90909090909
1450,00000656,6,0.01,0.83333333333
1451,000009D3,8,0.75,0.71428571428
1452,00000943,8,0.1,0.90909090909
1453,000007A0,7,0.01,0.71428571428
1454,00000516,5,0.01,0.83333333333
1455,0000095E,8,0.1,0.71428571428
1456,00000061,1,0.05,0.90909090909
1457,0000085A,7,0.5,0.90909090909
1458,000005AA,5,0.25,0.90909090909
1459,00000440,4,0.1,0.95238095238
1460,0000065D,6,0.01,0.83333333333
1461,000000F8,1,0.75,0.95238095238
1462,000004AD,4,0.5,0.71428571428
1463,000004C9,4,0.75,0.83333333333
1464,00000901,8,0.025,0.83333333333
1465,000004E8,4,1.0,0.90909090909
1466,000001DF,2,0.1,0.71428571428
1467,000002FC,3,0.1,0.95238095238
1468,000002BB,3,0.025,0.90909090909
1469,00000921,8,0.05,0.90909090909
1470,000006FC,6,0.25,0.83333333333
1471,000005C5,5,0.25,0.71428571428
1472,00000050,1,0.05,0.95238095238
1473,000000A6,1,0.25,0.95238095238
1474,000006BF,6,0.1,0.95238095238
1475,000006CA,6,0.1,0.90909090909
1476,0000011B,1,1.0,0.95238095238
1477,000003CC,4,0.01,0.90909090909
1478,000000B6,1,0.25,0.83333333333
1479,000001A9,2,0.05,0.83333333333
1480,00000087,1,0.1,0.90909090909
1481,000000F6,1,0.75,0.95238095238
1482,000009AF,8,0.5,0.71428571428
1483,000001A7,2,0.05,0.83333333333
1484,00000568,5,0.05,0.83333333333
1485,0000045F,4,0.1,0.71428571428
1486,0000008D,1,0.1,0.83333333333
1487,00000870,7,0.75,0.95238095238
1488,0000065A,6,0.01,0.83333333333
1489,000001C8,2,0.1,0.90909090909
1490,00000173,2,0.025,0.90909090909
1491,0000023D,2,0.75,0.90909090909
1492,00000865,7,0.5,0.83333333333
1493,00000448,4,0.1,0.90909090909
1494,0000011C,1,1.0,0.95238095238
1495,00000354,3,0.5,0.90909090909
1496,00000753,6,0.75,0.71428571428
1497,00000117,1,0.75,0.71428571428
1498,00000695,6,0.05,0.95238095238
1499,0000083A,7,0.25,0.83333333333
1500,00000024,1,0.01,0.71428571428
1501,000001DD,2,0.1,0.71428571428
1502,0000063F,5,1.0,0.71428571428
1503,000000F7,1,0.75,0.95238095238
1504,000007A9,7,0.025,0.95238095238
1505,000009E5,8,1.0,0.90909090909
1506,000000AA,1,0.25,0.90909090909
1507,0000052E,5,0.025,0.95238095238
1508,00000557,5,0.05,0.95238095238
1509,000004A1,4,0.5,0.83333333333
1510,0000087B,7,0.75,0.90909090909
1511,000006DF,6,0.1,0.71428571428
1512,00000402,4,0.025,0.83333333333
1513,000001B6,2,0.05,0.71428571428
1514,00000598,5,0.1,0.71428571428
1515,00000979,8,0.25,0.83333333333
1516,00000336,3,0.25,0.83333333333
1517,00000141,2,0.01,0.95238095238
1518,000007ED,7,0.05,0.83333333333
1519,0000098F,8,0.5,0.95238095238
1520,000002DB,3,0.05,0.90909090909
1521,000006AF,6,0.05,0.71428571428
1522,0000012B,1,1.0,0.90909090909
1523,00000397,3,0.75,0.71428571428
1524,000000FE,1,0.75,0.90909090909
1525,00000408,4,0.025,0.71428571428
1526,00000621,5,1.0,0.95238095238
1527,0000092A,8,0.05,0.83333333333
1528,000005DE,5,0.5,0.83333333333
1529,00000665,6,0.01,0.71428571428
1530,000005F7,5,0.75,0.95238095238
1531,000004A9,4,0.5,0.71428571428
1532,00000344,3,0.25,0.71428571428
1533,000007E3,7,0.05,0.90909090909
1534,00000212,2,0.5,0.90909090909
1535,0000082A,7,0.25,0.90909090909
1536,00000232,2,0.75,0.95238095238
1537,00000634,5,1.0,0.83333333333
1538,000002E7,3,0.05,0.83333333333
1539,000005A5,5,0.25,0.95238095238
1540,000002C1,3,0.025,0.83333333333
1541,000008BF,7,1.0,0.71428571428
1542,00000751,6,0.75,0.71428571428
1543,000004A6,4,0.5,0.71428571428
1544,0000004E,1,0.025,0.71428571428
1545,00000889,7,0.75,0.83333333333
1546,00000182,2,0.025,0.83333333333
1547,000003AD,3,1.0,0.83333333333
1548,00000999,8,0.5,0.90909090909
1549,0000049A,4,0.5,0.90909090909
1550,000000C5,1,0.25,0.71428571428
1551,0000060F,5,0.75,0.71428571428
1552,00000592,5,0.1,0.83333333333
1553,000000BF,1,0.25,0.71428571428
1554,000007A2,7,0.01,0.71428571428
1555,000003B1,3,1.0,0.83333333333
1556,00000818,7,0.1,0.71428571428
1557,0000040B,4,0.025,0.71428571428
1558,0000064F,6,0.01,0.90909090909
1559,00000645,6,0.01,0.95238095238
1560,000007C8,7,0.025,0.71428571428
1561,00000698,6,0.05,0.95238095238
1562,00000618,5,1.0,0.95238095238
1563,00000628,5,1.0,0.90909090909
1564,000002B1,3,0.025,0.95238095238
1565,00000039,1,0.025,0.90909090909
1566,00000988,8,0.5,0.95238095238
1567,000004AC,4,0.5,0.71428571428
1568,000009DD,8,1.0,0.95238095238
1569,0000044C,4,0.1,0.83333333333
1570,000003D8,4,0.01,0.83333333333
1571,00000851,7,0.5,0.95238095238
1572,00000084,1,0.1,0.90909090909
1573,00000686,6,0.025,0.71428571428
1574,000000E4,1,0.5,0.83333333333
1575,0000025A,2,1.0,0.95238095238
1576,00000465,4,0.25,0.95238095238
1577,00000916,8,0.05,0.95238095238
1578,000006F9,6,0.25,0.83333333333
1579,00000718,6,0.5,0.90909090909
1580,00000942,8,0.1,0.90909090909
1581,000005D8,5,0.5,0.90909090909
1582,00000161,2,0.01,0.71428571428
1583,000006B3,6,0.05,0.71428571428
1584,000002B2,3,0.025,0.90909090909
1585,00000307,3,0.1,0.90909090909
1586,00000646,6,0.01,0.95238095238
1587,000004A8,4,0.5,0.71428571428
1588,00000597,5,0.1,0.71428571428
1589,0000094A,8,0.1,0.90909090909
1590,0000021E,2,0.5,0.83333333333
1591,0000073E,6,0.75,0.90909090909
1592,000008F6,8,0.025,0.90909090909
1593,000006AC,6,0.05,0.83333333333
1594,000006D8,6,0.1,0.71428571428
1595,00000041,1,0.025,0.83333333333
1596,000002CF,3,0.025,0.71428571428
1597,0000037C,3,0.75,0.90909090909
1598,0000035A,3,0.5,0.90909090909
1599,000005B8,5,0.25,0.83333333333
1600,00000454,4,0.1,0.83333333333
1601,0000055E,5,0.05,0.90909090909
1602,0000093C,8,0.1,0.95238095238
1603,000003E7,4,0.01,0.71428571428
1604,00000945,8,0.1,0.90909090909
1605,00000660,6,0.01,0.71428571428
1606,0000082E,7,0.25,0.90909090909
1607,00000805,7,0.1,0.90909090909
1608,000009CA,8,0.75,0.83333333333
1609,00000697,6,0.05,0.95238095238
1610,0000090C,8,0.025,0.71428571428
1611,000006C7,6,0.1,0.90909090909
1612,0000077A,6,1.0,0.71428571428
1613,000002FB,3,0.1,0.95238095238
1614,00000577,5,0.05,0.71428571428
1615,000007CF,7,0.025,0.71428571428
1616,0000097F,8,0.25,0.71428571428
1617,000003DC,4,0.01,0.83333333333
1618,000005F4,5,0.75,0.95238095238
1619,000001A8,2,0.05,0.83333333333
1620,000005F5,5,0.75,0.95238095238
1621,00000763,6,1.0,0.90909090909
1622,0000026D,2,1.0,0.83333333333
1623,00000785,7,0.01,0.95238095238
1624,00000920,8,0.05,0.90909090909
1625,00000193,2,0.05,0.95238095238
1626,0000078E,7,0.01,0.90909090909
1627,000008BD,7,1.0,0.71428571428
1628,000005EC,5,0.5,0.71428571428
1629,00000788,7,0.01,0.95238095238
1630,00000925,8,0.05,0.83333333333
1631,0000098B,8,0.5,0.95238095238
1632,000003D6,4,0.01,0.83333333333
1633,00000705,6,0.25,0.71428571428
1634,00000709,6,0.5,0.95238095238
1635,000003F3,4,0.025,0.90909090909
1636,00000604,5,0.75,0.83333333333
1637,0000030C,3,0.1,0.83333333333
1638,00000302,3,0.1,0.90909090909
1639,00000457,4,0.1,0.71428571428
1640,0000052F,5,0.025,0.95238095238
1641,000000BC,1,0.25,0.83333333333
1642,00000188,2,0.025,0.71428571428
1643,00000973,8,0.25,0.90909090909
1644,000003FC,4,0.025,0.83333333333
1645,0000035F,3,0.5,0.83333333333
1646,00000739,6,0.75,0.95238095238
1647,0000071E,6,0.5,0.83333333333
1648,000001D8,2,0.1,0.71428571428
1649,000004FB,4,1.0,0.71428571428
1650,000005F6,5,0.75,0.95238095238
1651,000004D6,4,0.75,0.71428571428
1652,000003EB,4,0.025,0.95238095238
1653,00000070,1,0.05,0.71428571428
1654,0000081E,7,0.1,0.71428571428
1655,000000B3,1,0.25,0.90909090909
1656,00000989,8,0.5,0.95238095238
1657,00000276,2,1.0,0.71428571428
1658,00000143,2,0.01,0.95238095238
1659,0000069B,6,0.05,0.90909090909
1660,000004A7,4,0.5,0.71428571428
1661,000006DE,6,0.1,0.71428571428
1662,00000120,1,1.0,0.95238095238
1663,000001BD,2,0.1,0.95238095238
1664,000009A0,8,0.5,0.83333333333
1665,000008CE,8,0.01,0.90909090909
1666,000001F9,2,0.25,0.83333333333
1667,000001AE,2,0.05,0.71428571428
1668,00000164,2,0.01,0.71428571428
1669,0000025D,2,1.0,0.95238095238
1670,00000362,3,0.5,0.83333333333
1671,0000079A,7,0.01,0.83333333333
1672,00000380,3,0.75,0.90909090909
1673,000004EC,4,1.0,0.83333333333
1674,00000198,2,0.05,0.95238095238
1675,000000F1,1,0.75,0.95238095238
1676,000009D2,8,0.75,0.71428571428
1677,0000023C,2,0.75,0.90909090909
1678,00000040,1,0.025,0.83333333333
1679,00000823,7,0.25,0.95238095238
1680,000006FD,6,0.25,0.83333333333
1681,00000701,6,0.25,0.71428571428
1682,00000971,8,0.25,0.90909090909
1683,00000118,1,1.0,0.95238095238
1684,0000055D,5,0.05,0.90909090909
1685,000000A8,1,0.25,0.95238095238
1686,00000167,2,0.01,0.71428571428
1687,0000027A,2,1.0,0.71428571428
1688,00000613,5,0.75,0.71428571428
1689,000003C1,4,0.01,0.95238095238
1690,0000004F,1,0.025,0.71428571428
1691,0000041F,4,0.05,0.90909090909
1692,000004D5,4,0.75,0.71428571428
1693,00000459,4,0.1,0.71428571428
1694,000005B2,5,0.25,0.90909090909
1695,00000704,6,0.25,0.71428571428
1696,00000837,7,0.25,0.83333333333
1697,000000C7,1,0.25,0.71428571428
1698,000004BE,4,0.75,0.90909090909
1699,000009B1,8,0.75,0.95238095238
1700,000007BC,7,0.025,0.83333333333
1701,0000046F,4,0.25,0.90909090909
1702,00000250,2,0.75,0.71428571428
1703,00000266,2,1.0,0.90909090909
1704,0000003B,1,0.025,0.90909090909
1705,000001AB,2,0.05,0.83333333333
1706,00000251,2,0.75,0.71428571428
1707,00000441,4,0.1,0.95238095238
1708,0000059B,5,0.1,0.71428571428
1709,00000868,7,0.5,0.71428571428
1710,000009BE,8,0.75,0.90909090909
1711,000009E7,8,1.0,0.90909090909
1712,00000881,7,0.75,0.90909090909
1713,00000096,1,0.1,0.71428571428
1714,00000531,5,0.025,0.95238095238
1715,0000061A,5,1.0,0.95238095238
1716,000005DF,5,0.5,0.83333333333
1717,00000872,7,0.75,0.95238095238
1718,00000153,2,0.01,0.90909090909
1719,000007C5,7,0.025,0.83333333333
1720,000004DD,4,1.0,0.95238095238
1721,000005B1,5,0.25,0.90909090909
1722,000001D3,2,0.1,0.83333333333
1723,000008D6,8,0.01,0.83333333333
1724,00000215,2,0.5,0.90909090909
1725,000008BB,7,1.0,0.71428571428
1726,0000025C,2,1.0,0.95238095238
1727,000000B5,1,0.25,0.83333333333
1728,000001A0,2,0.05,0.90909090909
1729,00000681,6,0.025,0.83333333333
1730,00000438,4,0.1,0.95238095238
1731,00000246,2,0.75,0.83333333333
1732,00000731,6,0.75,0.95238095238
1733,00000650,6,0.01,0.90909090909
1734,0000007B,1,0.1,0.95238095238
1735,0000046D,4,0.25,0.90909090909
1736,000007D1,7,0.05,0.95238095238
1737,0000081C,7,0.1,0.71428571428
1738,0000032A,3,0.25,0.90909090909
1739,00000890,7,0.75,0.71428571428
1740,000003E9,4,0.025,0.95238095238
1741,00000534,5,0.025,0.90909090909
1742,000005F8,5,0.75,0.95238095238
1743,00000075,1,0.05,0.71428571428
1744,000005C2,5,0.25,0.71428571428
1745,000006EB,6,0.25,0.90909090909
1746,000006D5,6,0.1,0.83333333333
1747,000004BF,4,0.75,0.90909090909
1748,000002E8,3,0.05,0.83333333333
1749,000003FB,4,0.025,0.90909090909
1750,00000717,6,0.5,0.90909090909
1751,00000453,4,0.1,0.83333333333
1752,00000842,7,0.25,0.71428571428
1753,000005BE,5,0.25,0.71428571428
1754,00000388,3,0.75,0.83333333333
1755,00000046,1,0.025,0.71428571428
1756,0000001A,1,0.01,0.83333333333
1757,000005E0,5,0.5,0.83333333333
1758,00000918,8,0.05,0.95238095238
1759,00000725,6,0.5,0.83333333333
1760,000006BB,6,0.1,0.95238095238
1761,00000461,4,0.25,0.95238095238
1762,00000447,4,0.1,0.90909090909
1763,00000051,1,0.05,0.95238095238
1764,00000752,6,0.75,0.71428571428
1765,0000053A,5,0.025,0.90909090909
1766,00000655,6,0.01,0.83333333333
1767,00000984,8,0.25,0.71428571428
1768,000002EC,3,0.05,0.83333333333
1769,0000088D,7,0.75,0.83333333333
1770,000001FE,2,0.25,0.71428571428
1771,00000007,1,0.01,0.95238095238
1772,0000072E,6,0.5,0.71428571428
1773,00000370,3,0.75,0.95238095238
1774,000003FF,4,0.025,0.83333333333
1775,00000733,6,0.75,0.95238095238
1776,000002BD,3,0.025,0.83333333333
1777,00000715,6,0.5,0.90909090909
1778,000007FB,7,0.1,0.95238095238
1779,00000519,5,0.01,0.83333333333
1780,0000091F,8,0.05,0.90909090909
1781,00000795,7,0.01,0.83333333333
1782,000007EA,7,0.05,0.83333333333
1783,000004E3,4,1.0,0.90909090909
1784,0000047E,4,0.25,0.71428571428
1785,0000010F,1,0.75,0.71428571428
1786,00000047,1,0.025,0.71428571428
1787,0000077F,6,1.0,0.71428571428
1788,0000087D,7,0.75,0.90909090909
1789,0000079D,7,0.01,0.83333333333
1790,000006C3,6,0.1,0.90909090909
1791,00000958,8,0.1,0.71428571428
1792,00000754,6,0.75,0.71428571428
1793,00000806,7,0.1,0.90909090909
1794,000003A7,3,1.0,0.90909090909
1795,000002F6,3,0.05,0.71428571428
1796,00000547,5,0.025,0.71428571428
1797,00000400,4,0.025,0.83333333333
1798,00000274,2,1.0,0.83333333333
1799,000007F7,7,0.05,0.71428571428
1800,000009B3,8,0.75,0.95238095238
1801,000003F9,4,0.025,0.90909090909
1802,000007AF,7,0.025,0.95238095238
1803,000008AE,7,1.0,0.83333333333
1804,0000060D,5,0.75,0.83333333333
1805,000006E9,6,0.25,0.95238095238
1806,000005FD,5,0.75,0.90909090909
1807,0000017A,2,0.025,0.90909090909
1808,00000218,2,0.5,0.90909090909
1809,00000985,8,0.25,0.71428571428
1810,000002D1,3,0.05,0.95238095238
1811,00000028,1,0.025,0.95238095238
1812,000008A5,7,1.0,0.90909090909
1813,00000744,6,0.75,0.83333333333
1814,00000142,2,0.01,0.95238095238
1815,00000082,1,0.1,0.90909090909
1816,000002A9,3,0.025,0.95238095238
1817,00000463,4,0.25,0.95238095238
1818,00000378,3,0.75,0.95238095238
1819,00000348,3,0.5,0.95238095238
1820,00000271,2,1.0,0.83333333333
1821,00000357,3,0.5,0.90909090909
1822,00000968,8,0.25,0.95238095238
1823,000006E3,6,0.25,0.95238095238
1824,00000375,3,0.75,0.95238095238
1825,0000055B,5,0.05,0.90909090909
1826,00000358,3,0.5,0.90909090909
1827,000003B5,3,1.0,0.83333333333
1828,0000056B,5,0.05,0.83333333333
1829,000003C8,4,0.01,0.95238095238
1830,0000089C,7,1.0,0.95238095238
1831,00000994,8,0.5,0.90909090909
1832,000009D1,8,0.75,0.71428571428
1833,000004F8,4,1.0,0.71428571428
1834,00000980,8,0.25,0.71428571428
1835,0000054B,5,0.025,0.71428571428
1836,0000068A,6,0.025,0.71428571428
1837,00000694,6,0.05,0.95238095238
1838,0000010B,1,0.75,0.83333333333
1839,0000053D,5,0.025,0.83333333333
1840,0000065F,6,0.01,0.71428571428
1841,000005AC,5,0.25,0.90909090909
1842,00000038,1,0.025,0.90909090909
1843,0000098D,8,0.5,0.95238095238
1844,000004EE,4,1.0,0.83333333333
1845,000006DD,6,0.1,0.71428571428
1846,000004AE,4,0.5,0.71428571428
1847,00000507,5,0.01,0.95238095238
1848,00000278,2,1.0,0.71428571428
1849,000001FB,2,0.25,0.83333333333
1850,0000028F,3,0.01,0.90909090909
1851,00000019,1,0.01,0.83333333333
1852,00000403,4,0.025,0.83333333333
1853,00000417,4,0.05,0.95238095238
1854,0000000D,1,0.01,0.90909090909
1855,000003DD,4,0.01,0.83333333333
1856,00000596,5,0.1,0.71428571428
1857,0000053C,5,0.025,0.83333333333
1858,00000179,2,0.025,0.90909090909
1859,0000037E,3,0.75,0.90909090909
1860,0000097E,8,0.25,0.71428571428
1861,000003AB,3,1.0,0.90909090909
1862,00000773,6,1.0,0.83333333333
1863,00000487,4,0.25,0.71428571428
1864,00000880,7,0.75,0.90909090909
1865,00000643,6,0.01,0.95238095238
1866,0000026B,2,1.0,0.90909090909
1867,000002CD,3,0.025,0.71428571428
1868,000008D8,8,0.01,0.83333333333
1869,00000469,4,0.25,0.95238095238
1870,00000411,4,0.05,0.95238095238
1871,0000019A,2,0.05,0.90909090909
1872,00000517,5,0.01,0.83333333333
1873,00000293,3,0.01,0.90909090909
1874,000009D9,8,1.0,0.95238095238
1875,00000475,4,0.25,0.83333333333
1876,000009EE,8,1.0,0.83333333333
1877,00000858,7,0.5,0.90909090909
1878,000008DD,8,0.01,0.83333333333
1879,000006B1,6,0.05,0.71428571428
1880,00000576,5,0.05,0.71428571428
1881,000000D0,1,0.5,0.95238095238
1882,000003EE,4,0.025,0.95238095238
1883,00000556,5,0.05,0.95238095238
1884,00000423,4,0.05,0.90909090909
1885,0000057A,5,0.1,0.95238095238
1886,000005CB,5,0.5,0.95238095238
1887,0000096B,8,0.25,0.90909090909
1888,00000912,8,0.05,0.95238095238
1889,00000917,8,0.05,0.95238095238
1890,0000038E,3,0.75,0.71428571428
1891,00000382,3,0.75,0.90909090909
1892,0000009F,1,0.1,0.71428571428
1893,00000131,1,1.0,0.83333333333
1894,000005F0,5,0.75,0.95238095238
1895,000003C6,4,0.01,0.95238095238
1896,000008E8,8,0.025,0.95238095238
1897,0000074D,6,0.75,0.83333333333
1898,00000843,7,0.25,0.71428571428
1899,000008F8,8,0.025,0.90909090909
1900,000005E6,5,0.5,0.71428571428
1901,000000EB,1,0.5,0.71428571428
1902,0000063E,5,1.0,0.71428571428
1903,0000022C,2,0.5,0.71428571428
1904,00000104,1,0.75,0.83333333333
1905,00000415,4,0.05,0.95238095238
1906,000004B2,4,0.75,0.95238095238
1907,0000094E,8,0.1,0.83333333333
1908,0000034B,3,0.5,0.95238095238
1909,000006FE,6,0.25,0.71428571428
1910,000001D1,2,0.1,0.83333333333
1911,00000544,5,0.025,0.83333333333
1912,0000000F,1,0.01,0.90909090909
1913,00000263,2,1.0,0.90909090909
1914,0000043B,4,0.1,0.95238095238
1915,000001D0,2,0.1,0.83333333333
1916,000006CE,6,0.1,0.83333333333
1917,000006BE,6,0.1,0.95238095238
1918,000001A1,2,0.05,0.90909090909
1919,0000020A,2,0.5,0.95238095238
1920,000007E6,7,0.05,0.83333333333
1921,00000006,1,0.01,0.95238095238
1922,000002A8,3,0.025,0.95238095238
1923,00000313,3,0.1,0.83333333333
1924,000005EF,5,0.5,0.71428571428
1925,0000088E,7,0.75,0.71428571428
1926,0000002A,1,0.025,0.95238095238
1927,00000590,5,0.1,0.83333333333
1928,0000007A,1,0.1,0.95238095238
1929,0000067E,6,0.025,0.83333333333
1930,0000090F,8,0.025,0.71428571428
1931,00000757,6,0.75,0.71428571428
1932,000005EA,5,0.5,0.71428571428
1933,00000462,4,0.25,0.95238095238
1934,000004DF,4,1.0,0.95238095238
1935,000009BA,8,0.75,0.90909090909
1936,0000051D,5,0.01,0.83333333333
1937,00000240,2,0.75,0.90909090909
1938,000004DA,4,1.0,0.95238095238
1939,000003DF,4,0.01,0.71428571428
1940,00000329,3,0.25,0.95238095238
1941,000005A7,5,0.25,0.95238095238
1942,000002F1,3,0.05,0.71428571428
1943,000005E1,5,0.5,0.83333333333
1944,00000247,2,0.75,0.83333333333
1945,000005AD,5,0.25,0.90909090909
1946,00000260,2,1.0,0.95238095238
1947,000004C6,4,0.75,0.83333333333
1948,0000094D,8,0.1,0.83333333333
1949,00000209,2,0.5,0.95238095238
1950,00000289,3,0.01,0.95238095238
1951,0000040A,4,0.025,0.71428571428
1952,00000600,5,0.75,0.90909090909
1953,0000062F,5,1.0,0.83333333333
1954,00000187,2,0.025,0.71428571428
1955,00000897,7,0.75,0.71428571428
1956,00000085,1,0.1,0.90909090909
1957,000002F3,3,0.05,0.71428571428
1958,0000063D,5,1.0,0.71428571428
1959,000006BA,6,0.1,0.95238095238
1960,00000048,1,0.025,0.71428571428
1961,00000760,6,1.0,0.95238095238
1962,0000010A,1,0.75,0.83333333333
1963,000000C8,1,0.5,0.95238095238
1964,0000052C,5,0.025,0.95238095238
1965,000002DF,3,0.05,0.90909090909
1966,000002F2,3,0.05,0.71428571428
1967,00000700,6,0.25,0.71428571428
1968,00000252,2,0.75,0.71428571428
1969,000003C5,4,0.01,0.95238095238
1970,00000696,6,0.05,0.95238095238
1971,000001E7,2,0.25,0.95238095238
1972,00000106,1,0.75,0.83333333333
1973,00000162,2,0.01,0.71428571428
1974,000000BB,1,0.25,0.83333333333
1975,000005D3,5,0.5,0.90909090909
1976,000001D5,2,0.1,0.83333333333
1977,00000160,2,0.01,0.71428571428
1978,000007BE,7,0.025,0.83333333333
1979,000003C3,4,0.01,0.95238095238
1980,00000914,8,0.05,0.95238095238
1981,000001CB,2,0.1,0.90909090909
1982,000006BC,6,0.1,0.95238095238
1983,000006A1,6,0.05,0.90909090909
1984,000000CE,1,0.5,0.95238095238
1985,000007FC,7,0.1,0.95238095238
1986,0000070D,6,0.5,0.95238095238
1987,00000896,7,0.75,0.71428571428
1988,000009E3,8,1.0,0.90909090909
1989,0000008F,1,0.1,0.83333333333
1990,000008B6,7,1.0,0.71428571428
1991,0000084E,7,0.5,0.95238095238
1992,000003EA,4,0.025,0.95238095238
1993,0000070E,6,0.5,0.95238095238
1994,0000056A,5,0.05,0.83333333333
1995,00000658,6,0.01,0.83333333333
1996,000008E4,8,0.01,0.71428571428
1997,00000606,5,0.75,0.83333333333
1998,000004CD,4,0.75,0.83333333333
1999,0000053F,5,0.025,0.83333333333
2000,0000056E,5,0.05,0.71428571428
2001,0000074A,6,0.75,0.83333333333
2002,0000075F,6,1.0,0.95238095238
2003,000006D9,6,0.1,0.71428571428
2004,000002BE,3,0.025,0.83333333333
2005,00000004,1,0.01,0.95238095238
2006,00000018,1,0.01,0.83333333333
2007,000002E3,3,0.05,0.90909090909
2008,00000186,2,0.025,0.71428571428
2009,000004E5,4,1.0,0.90909090909
2010,00000687,6,0.025,0.71428571428
2011,000003FD,4,0.025,0.83333333333
2012,000004B3,4,0.75,0.95238095238
2013,00000974,8,0.25,0.83333333333
2014,0000054C,5,0.025,0.71428571428
2015,000007BD,7,0.025,0.83333333333
2016,00000529,5,0.025,0.95238095238
2017,00000280,3,0.01,0.95238095238
2018,000000DE,1,0.5,0.83333333333
2019,00000944,8,0.1,0.90909090909
2020,000007D9,7,0.05,0.95238095238
2021,000005B0,5,0.25,0.90909090909
2022,000000BE,1,0.25,0.71428571428
2023,000007B9,7,0.025,0.90909090909
2024,000008B4,7,1.0,0.83333333333
2025,000006B4,6,0.05,0.71428571428
2026,000001ED,2,0.25,0.90909090909
2027,0000084D,7,0.5,0.95238095238
2028,0000057E,5,0.1,0.95238095238
2029,0000030B,3,0.1,0.90909090909
2030,000004D3,4,0.75,0.71428571428
2031,00000526,5,0.01,0.71428571428
2032,0000036A,3,0.5,0.71428571428
2033,00000305,3,0.1,0.90909090909
2034,000003D0,4,0.01,0.90909090909
2035,0000076F,6,1.0,0.83333333333
2036,000002A3,3,0.01,0.71428571428
2037,00000203,2,0.25,0.71428571428
2038,00000627,5,1.0,0.90909090909
2039,0000057B,5,0.1,0.95238095238
2040,00000514,5,0.01,0.83333333333
2041,00000707,6,0.25,0.71428571428
2042,00000891,7,0.75,0.71428571428
2043,00000838,7,0.25,0.83333333333
2044,0000008E,1,0.1,0.83333333333
2045,00000720,6,0.5,0.83333333333
2046,00000491,4,0.5,0.95238095238
2047,00000540,5,0.025,0.83333333333
2048,00000165,2,0.01,0.71428571428
2049,00000833,7,0.25,0.90909090909
2050,00000648,6,0.01,0.95238095238
2051,0000090D,8,0.025,0.71428571428
2052,00000392,3,0.75,0.71428571428
2053,00000062,1,0.05,0.90909090909
2054,00000217,2,0.5,0.90909090909
2055,0000009C,1,0.1,0.71428571428
2056,000000C6,1,0.25,0.71428571428
2057,000002DD,3,0.05,0.90909090909
2058,00000216,2,0.5,0.90909090909
2059,0000045A,4,0.1,0.71428571428
2060,0000076C,6,1.0,0.83333333333
2061,00000510,5,0.01,0.90909090909
2062,0000061F,5,1.0,0.95238095238
2063,0000081D,7,0.1,0.71428571428
2064,000006E0,6,0.25,0.95238095238
2065,000004C3,4,0.75,0.90909090909
2066,0000011F,1,1.0,0.95238095238
2067,00000542,5,0.025,0.83333333333
2068,0000061E,5,1.0,0.95238095238
2069,000009E0,8,1.0,0.95238095238
2070,00000970,8,0.25,0.90909090909
2071,0000046C,4,0.25,0.90909090909
2072,00000962,8,0.25,0.95238095238
2073,0000013C,1,1.0,0.71428571428
2074,000009F0,8,1.0,0.83333333333
2075,00000586,5,0.1,0.90909090909
2076,000001C5,2,0.1,0.90909090909
2077,000001FD,2,0.25,0.83333333333
2078,000006A0,6,0.05,0.90909090909
2079,00000418,4,0.05,0.95238095238
2080,000009EA,8,1.0,0.90909090909
2081,000006E1,6,0.25,0.95238095238
2082,000006F0,6,0.25,0.90909090909
2083,000007FE,7,0.1,0.95238095238
2084,000002DA,3,0.05,0.90909090909
2085,0000036F,3,0.5,0.71428571428
2086,00000887,7,0.75,0.83333333333
2087,000005EE,5,0.5,0.71428571428
2088,00000369,3,0.5,0.71428571428
2089,000005C6,5,0.25,0.71428571428
2090,0000038B,3,0.75,0.83333333333
2091,00000740,6,0.75,0.90909090909
2092,000005B4,5,0.25,0.83333333333
2093,00000539,5,0.025,0.90909090909
2094,0000004C,1,0.025,0.71428571428
2095,000007E8,7,0.05,0.83333333333
2096,0000006B,1,0.05,0.83333333333
2097,000009B8,8,0.75,0.95238095238
2098,000004CF,4,0.75,0.71428571428
2099,0000045D,4,0.1,0.71428571428
2100,0000043F,4,0.1,0.95238095238
2101,00000782,7,0.01,0.95238095238
2102,00000574,5,0.05,0.71428571428
2103,0000056D,5,0.05,0.83333333333
2104,00000808,7,0.1,0.90909090909
2105,000002D2,3,0.05,0.95238095238
2106,000007CC,7,0.025,0.71428571428
2107,0000091A,8,0.05,0.90909090909
2108,0000076E,6,1.0,0.83333333333
2109,00000614,5,0.75,0.71428571428
2110,00000323,3,0.25,0.95238095238
2111,00000888,7,0.75,0.83333333333
2112,000005E7,5,0.5,0.71428571428
2113,000005F1,5,0.75,0.95238095238
2114,00000450,4,0.1,0.83333333333
2115,000009F1,8,1.0,0.83333333333
2116,000001A5,2,0.05,0.83333333333
2117,00000796,7,0.01,0.83333333333
2118,00000509,5,0.01,0.95238095238
2119,00000803,7,0.1,0.90909090909
2120,000003A2,3,1.0,0.90909090909
2121,000003AA,3,1.0,0.90909090909
2122,00000200,2,0.25,0.71428571428
2123,0000036E,3,0.5,0.71428571428
2124,000008AC,7,1.0,0.83333333333
2125,00000309,3,0.1,0.90909090909
2126,00000113,1,0.75,0.71428571428
2127,00000452,4,0.1,0.83333333333
2128,0000035C,3,0.5,0.83333333333
2129,000005E9,5,0.5,0.71428571428
2130,0000036C,3,0.5,0.71428571428
2131,000005FA,5,0.75,0.90909090909
2132,0000070A,6,0.5,0.95238095238
2133,0000027D,2,1.0,0.71428571428
2134,00000830,7,0.25,0.90909090909
2135,0000037A,3,0.75,0.90909090909
2136,00000926,8,0.05,0.83333333333
2137,0000080F,7,0.1,0.83333333333
2138,0000038D,3,0.75,0.83333333333
2139,00000034,1,0.025,0.90909090909
2140,00000747,6,0.75,0.83333333333
2141,000009CB,8,0.75,0.83333333333
2142,00000579,5,0.1,0.95238095238
2143,00000854,7,0.5,0.90909090909
2144,0000091D,8,0.05,0.90909090909
2145,000004C4,4,0.75,0.83333333333
2146,000007EB,7,0.05,0.83333333333
2147,00000306,3,0.1,0.90909090909
2148,0000097A,8,0.25,0.83333333333
2149,00000043,1,0.025,0.83333333333
2150,000006DB,6,0.1,0.71428571428
2151,000002A5,3,0.01,0.71428571428
2152,00000098,1,0.1,0.71428571428
2153,000001E6,2,0.25,0.95238095238
2154,0000030D,3,0.1,0.83333333333
2155,00000002,1,0.01,0.95238095238
2156,000004E7,4,1.0,0.90909090909
2157,00000032,1,0.025,0.90909090909
2158,00000178,2,0.025,0.90909090909
2159,0000039D,3,1.0,0.95238095238
2160,000007B2,7,0.025,0.90909090909
2161,00000066,1,0.05,0.83333333333
2162,0000047F,4,0.25,0.71428571428
2163,00000810,7,0.1,0.83333333333
2164,000003E6,4,0.01,0.71428571428
2165,0000075B,6,1.0,0.95238095238
2166,0000014F,2,0.01,0.90909090909
2167,000008B0,7,1.0,0.83333333333
2168,000004A2,4,0.5,0.83333333333
2169,000007AB,7,0.025,0.95238095238
2170,00000504,5,0.01,0.95238095238
2171,0000079E,7,0.01,0.71428571428
2172,000003CE,4,0.01,0.90909090909
2173,000000EF,1,0.5,0.71428571428
2174,000000E7,1,0.5,0.71428571428
2175,000004E2,4,1.0,0.90909090909
2176,000007DB,7,0.05,0.90909090909
2177,000007D2,7,0.05,0.95238095238
2178,0000018F,2,0.025,0.71428571428
2179,00000219,2,0.5,0.90909090909
2180,000003AF,3,1.0,0.83333333333
2181,00000384,3,0.75,0.83333333333
2182,00000928,8,0.05,0.83333333333
2183,000003B9,3,1.0,0.71428571428
2184,00000864,7,0.5,0.83333333333
2185,0000084B,7,0.5,0.95238095238
2186,000002C0,3,0.025,0.83333333333
2187,000000B9,1,0.25,0.83333333333
2188,00000366,3,0.5,0.71428571428
2189,000005DC,5,0.5,0.83333333333
2190,00000136,1,1.0,0.71428571428
2191,00000488,4,0.5,0.95238095238
2192,000003D2,4,0.01,0.90909090909
2193,00000083,1,0.1,0.90909090909
2194,00000093,1,0.1,0.83333333333
2195,00000192,2,0.05,0.95238095238
2196,000002D4,3,0.05,0.95238095238
2197,000006D2,6,0.1,0.83333333333
2198,0000034F,3,0.5,0.95238095238
2199,000007C1,7,0.025,0.83333333333
2200,000004D2,4,0.75,0.71428571428
2201,00000861,7,0.5,0.83333333333
2202,00000413,4,0.05,0.95238095238
2203,000000CF,1,0.5,0.95238095238
2204,0000086D,7,0.5,0.71428571428
2205,00000503,5,0.01,0.95238095238
2206,00000849,7,0.5,0.95238095238
2207,00000317,3,0.1,0.71428571428
2208,00000480,4,0.25,0.71428571428
2209,00000662,6,0.01,0.71428571428
2210,0000033F,3,0.25,0.71428571428
2211,0000087E,7,0.75,0.90909090909
2212,000002DE,3,0.05,0.90909090909
2213,000003F8,4,0.025,0.90909090909
2214,000002E5,3,0.05,0.83333333333
2215,000006E7,6,0.25,0.95238095238
2216,00000053,1,0.05,0.95238095238
2217,000000DF,1,0.5,0.83333333333
2218,0000028D,3,0.01,0.90909090909
2219,000000E0,1,0.5,0.83333333333
2220,00000125,1,1.0,0.90909090909
2221,000000B8,1,0.25,0.83333333333
2222,00000922,8,0.05,0.90909090909
2223,00000202,2,0.25,0.71428571428
2224,00000386,3,0.75,0.83333333333
2225,00000867,7,0.5,0.71428571428
2226,00000594,5,0.1,0.83333333333
2227,000009C7,8,0.75,0.83333333333
2228,000002D3,3,0.05,0.95238095238
2229,000006F1,6,0.25,0.90909090909
2230,00000615,5,0.75,0.71428571428
2231,00000241,2,0.75,0.90909090909
2232,0000034D,3,0.5,0.95238095238
2233,0000061C,5,1.0,0.95238095238
2234,00000844,7,0.25,0.71428571428
2235,00000906,8,0.025,0.71428571428
2236,000003E2,4,0.01,0.71428571428
2237,00000879,7,0.75,0.95238095238
2238,00000821,7,0.25,0.95238095238
2239,000000F9,1,0.75,0.95238095238
2240,00000766,6,1.0,0.90909090909
2241,0000059C,5,0.1,0.71428571428
2242,0000012A,1,1.0,0.90909090909
2243,0000026C,2,1.0,0.83333333333
2244,0000025F,2,1.0,0.95238095238
2245,00000355,3,0.5,0.90909090909
2246,00000436,4,0.05,0.71428571428
2247,0000051E,5,0.01,0.71428571428
2248,00000180,2,0.025,0.83333333333
2249,000007B6,7,0.025,0.90909090909
2250,000009E8,8,1.0,0.90909090909
2251,000006AA,6,0.05,0.83333333333
2252,000000AE,1,0.25,0.90909090909
2253,000007F1,7,0.05,0.71428571428
2254,000009C3,8,0.75,0.90909090909
2255,00000069,1,0.05,0.83333333333
2256,000003A5,3,1.0,0.90909090909
2257,0000038F,3,0.75,0.71428571428
2258,00000911,8,0.05,0.95238095238
2259,00000667,6,0.01,0.71428571428
2260,000000E3,1,0.5,0.83333333333
2261,00000497,4,0.5,0.90909090909
2262,0000066D,6,0.025,0.95238095238
2263,000006CC,6,0.1,0.83333333333
2264,0000048C,4,0.5,0.95238095238
2265,000000C3,1,0.25,0.71428571428
2266,00000800,7,0.1,0.95238095238
2267,000009C2,8,0.75,0.90909090909
2268,000009D8,8,1.0,0.95238095238
2269,0000071F,6,0.5,0.83333333333
2270,000009A4,8,0.5,0.83333333333
2271,00000850,7,0.5,0.95238095238
2272,000004F9,4,1.0,0.71428571428
2273,00000726,6,0.5,0.71428571428
2274,00000368,3,0.5,0.71428571428
2275,0000048F,4,0.5,0.95238095238
2276,000008A3,7,1.0,0.90909090909
2277,00000937,8,0.05,0.71428571428
2278,000009B9,8,0.75,0.95238095238
2279,0000079F,7,0.01,0.71428571428
2280,000004CE,4,0.75,0.71428571428
2281,00000424,4,0.05,0.83333333333
2282,000002BA,3,0.025,0.90909090909
2283,000001AD,2,0.05,0.83333333333
2284,000002D7,3,0.05,0.95238095238
2285,000001E8,2,0.25,0.95238095238
2286,000009EC,8,1.0,0.83333333333
2287,000008DF,8,0.01,0.71428571428
2288,000003AE,3,1.0,0.83333333333
2289,00000825,7,0.25,0.95238095238
2290,000007D6,7,0.05,0.95238095238
2291,000009CD,8,0.75,0.83333333333
2292,000001DE,2,0.1,0.71428571428
2293,000007F0,7,0.05,0.71428571428
2294,000003F5,4,0.025,0.90909090909
2295,00000619,5,1.0,0.95238095238
2296,00000373,3,0.75,0.95238095238
2297,000002A4,3,0.01,0.71428571428
2298,000008D0,8,0.01,0.90909090909
2299,0000083E,7,0.25,0.71428571428
2300,00000885,7,0.75,0.83333333333
2301,00000005,1,0.01,0.95238095238
2302,0000050E,5,0.01,0.90909090909
2303,0000086E,7,0.5,0.71428571428
2304,000000D5,1,0.5,0.90909090909
2305,00000742,6,0.75,0.90909090909
2306,00000941,8,0.1,0.95238095238
2307,0000043E,4,0.1,0.95238095238
2308,00000013,1,0.01,0.90909090909
2309,0000001F,1,0.01,0.71428571428
2310,000008E1,8,0.01,0.71428571428
2311,00000148,2,0.01,0.95238095238
2312,000003BC,3,1.0,0.71428571428
2313,00000105,1,0.75,0.83333333333
2314,00000236,2,0.75,0.95238095238
2315,0000033E,3,0.25,0.71428571428
2316,000005ED,5,0.5,0.71428571428
2317,000004F4,4,1.0,0.83333333333
2318,00000152,2,0.01,0.90909090909
2319,0000059E,5,0.1,0.71428571428
2320,0000000A,1,0.01,0.90909090909
2321,00000839,7,0.25,0.83333333333
2322,00000374,3,0.75,0.95238095238
2323,000009C0,8,0.75,0.90909090909
2324,0000085E,7,0.5,0.83333333333
2325,00000562,5,0.05,0.90909090909
2326,00000508,5,0.01,0.95238095238
2327,000000EA,1,0.5,0.71428571428
2328,0000030E,3,0.1,0.83333333333
2329,0000047C,4,0.25,0.83333333333
2330,0000020B,2,0.5,0.95238095238
2331,000005BA,5,0.25,0.83333333333
2332,00000642,6,0.01,0.95238095238
2333,0000051B,5,0.01,0.83333333333
2334,0000030A,3,0.1,0.90909090909
2335,00000286,3,0.01,0.95238095238
2336,0000003D,1,0.025,0.83333333333
2337,00000223,2,0.5,0.83333333333
2338,0000023F,2,0.75,0.90909090909
2339,000009F6,8,1.0,0.71428571428
2340,00000012,1,0.01,0.90909090909
2341,000003B8,3,1.0,0.71428571428
2342,00000420,4,0.05,0.90909090909
2343,0000022D,2,0.5,0.71428571428
2344,0000084C,7,0.5,0.95238095238
2345,00000332,3,0.25,0.90909090909
2346,000001E3,2,0.25,0.95238095238
2347,00000249,2,0.75,0.83333333333
2348,00000300,3,0.1,0.95238095238
2349,00000272,2,1.0,0.83333333333
2350,00000608,5,0.75,0.83333333333
2351,000007E7,7,0.05,0.83333333333
2352,00000443,4,0.1,0.90909090909
2353,00000168,2,0.025,0.95238095238
2354,00000683,6,0.025,0.83333333333
2355,000001F6,2,0.25,0.83333333333
2356,0000037B,3,0.75,0.90909090909
2357,000005A4,5,0.25,0.95238095238
2358,00000401,4,0.025,0.83333333333
2359,00000364,3,0.5,0.83333333333
2360,000008DE,8,0.01,0.71428571428
2361,000003BD,3,1.0,0.71428571428
2362,00000492,4,0.5,0.90909090909
2363,000007DE,7,0.05,0.90909090909
2364,00000653,6,0.01,0.90909090909
2365,000002C8,3,0.025,0.71428571428
2366,00000201,2,0.25,0.71428571428
2367,0000075A,6,1.0,0.95238095238
2368,0000006D,1,0.05,0.83333333333
2369,00000894,7,0.75,0.71428571428
2370,000008C1,8,0.01,0.95238095238
2371,00000997,8,0.5,0.90909090909
2372,00000570,5,0.05,0.71428571428
2373,000009B6,8,0.75,0.95238095238
2374,000007B3,7,0.025,0.90909090909
2375,00000801,7,0.1,0.95238095238
2376,000007CD,7,0.025,0.71428571428
2377,0000051F,5,0.01,0.71428571428
2378,00000256,2,0.75,0.71428571428
2379,00000639,5,1.0,0.71428571428
2380,00000379,3,0.75,0.95238095238
2381,0000028E,3,0.01,0.90909090909
2382,0000085D,7,0.5,0.83333333333
2383,0000099D,8,0.5,0.83333333333
2384,0000032D,3,0.25,0.90909090909
2385,00000654,6,0.01,0.83333333333
2386,00000030,1,0.025,0.95238095238
2387,000008D9,8,0.01,0.83333333333
2388,0000054D,5,0.025,0.71428571428
2389,00000262,2,1.0,0.90909090909
2390,00000761,6,1.0,0.95238095238
2391,000005A1,5,0.25,0.95238095238
2392,0000008C,1,0.1,0.83333333333
2393,000007BA,7,0.025,0.90909090909
2394,00000873,7,0.75,0.95238095238
2395,0000085C,7,0.5,0.83333333333
2396,00000122,1,1.0,0.90909090909
2397,0000076D,6,1.0,0.83333333333
2398,00000036,1,0.025,0.90909090909
2399,0000059D,5,0.1,0.71428571428
2400,0000091B,8,0.05,0.90909090909
2401,00000961,8,0.25,0.95238095238
2402,00000498,4,0.5,0.90909090909
2403,000005E3,5,0.5,0.83333333333
2404,000005C1,5,0.25,0.71428571428
2405,000004B1,4,0.75,0.95238095238
2406,0000039F,3,1.0,0.95238095238
2407,000008DA,8,0.01,0.83333333333
2408,000002A2,3,0.01,0.71428571428
2409,000001BE,2,0.1,0.95238095238
2410,00000895,7,0.75,0.71428571428
2411,0000041C,4,0.05,0.90909090909
2412,00000301,3,0.1,0.95238095238
2413,0000099B,8,0.5,0.90909090909
2414,0000047B,4,0.25,0.83333333333
2415,00000022,1,0.01,0.71428571428
2416,00000883,7,0.75,0.90909090909
2417,00000749,6,0.75,0.83333333333
2418,00000575,5,0.05,0.71428571428
2419,00000703,6,0.25,0.71428571428
2420,000003E3,4,0.01,0.71428571428
2421,000009C8,8,0.75,0.83333333333
2422,00000035,1,0.025,0.90909090909
2423,000002AD,3,0.025,0.95238095238
2424,00000664,6,0.01,0.71428571428
2425,00000100,1,0.75,0.90909090909
2426,0000033A,3,0.25,0.83333333333
2427,000005D6,5,0.5,0.90909090909
2428,0000031C,3,0.1,0.71428571428
2429,0000000E,1,0.01,0.90909090909
2430,000001F7,2,0.25,0.83333333333
2431,000008AA,7,1.0,0.90909090909
2432,000001A4,2,0.05,0.83333333333
2433,0000035D,3,0.5,0.83333333333
2434,00000834,7,0.25,0.83333333333
2435,0000078F,7,0.01,0.90909090909
2436,00000464,4,0.25,0.95238095238
2437,00000352,3,0.5,0.90909090909
2438,000009ED,8,1.0,0.83333333333
2439,0000064A,6,0.01,0.90909090909
2440,00000455,4,0.1,0.83333333333
2441,0000002C,1,0.025,0.95238095238
2442,00000322,3,0.25,0.95238095238
2443,00000769,6,1.0,0.90909090909
2444,000002AA,3,0.025,0.95238095238
2445,00000907,8,0.025,0.71428571428
2446,000007F9,7,0.1,0.95238095238
2447,000003F6,4,0.025,0.90909090909
2448,0000085B,7,0.5,0.90909090909
2449,00000647,6,0.01,0.95238095238
2450,000001E0,2,0.25,0.95238095238
2451,000001BF,2,0.1,0.95238095238
2452,000004FD,4,1.0,0.71428571428
2453,0000097D,8,0.25,0.83333333333
2454,00000910,8,0.05,0.95238095238
2455,00000637,5,1.0,0.71428571428
2456,00000059,1,0.05,0.95238095238
2457,00000956,8,0.1,0.71428571428
2458,00000610,5,0.75,0.71428571428
2459,0000059A,5,0.1,0.71428571428
2460,00000435,4,0.05,0.71428571428
2461,00000172,2,0.025,0.90909090909
2462,000008FB,8,0.025,0.90909090909
2463,00000583,5,0.1,0.90909090909
2464,00000268,2,1.0,0.90909090909
2465,0000062C,5,1.0,0.83333333333
2466,00000297,3,0.01,0.83333333333
2467,000002E1,3,0.05,0.90909090909
2468,00000859,7,0.5,0.90909090909
2469,00000156,2,0.01,0.83333333333
2470,00000471,4,0.25,0.90909090909
2471,000004B9,4,0.75,0.95238095238
2472,000004D0,4,0.75,0.71428571428
2473,0000078B,7,0.01,0.90909090909
2474,000001D7,2,0.1,0.71428571428
2475,00000409,4,0.025,0.71428571428
2476,00000211,2,0.5,0.95238095238
2477,00000581,5,0.1,0.95238095238
2478,00000102,1,0.75,0.90909090909
2479,0000066B,6,0.025,0.95238095238
2480,00000764,6,1.0,0.90909090909
2481,00000633,5,1.0,0.83333333333
2482,000009A3,8,0.5,0.83333333333
2483,000001B0,2,0.05,0.71428571428
2484,000002BF,3,0.025,0.83333333333
2485,00000735,6,0.75,0.95238095238
2486,00000285,3,0.01,0.95238095238
2487,000000A1,1,0.25,0.95238095238
2488,0000080E,7,0.1,0.83333333333
2489,000004CB,4,0.75,0.83333333333
2490,00000071,1,0.05,0.71428571428
2491,000002E4,3,0.05,0.83333333333
2492,00000775,6,1.0,0.83333333333
2493,0000066F,6,0.025,0.95238095238
2494,00000986,8,0.25,0.71428571428
2495,00000155,2,0.01,0.83333333333
2496,000008B9,7,1.0,0.71428571428
2497,000000E1,1,0.5,0.83333333333
2498,0000018E,2,0.025,0.71428571428
2499,00000314,3,0.1,0.83333333333
2500,000004F6,4,1.0,0.71428571428
2501,0000094B,8,0.1,0.90909090909
2502,00000846,7,0.25,0.71428571428
2503,00000535,5,0.025,0.90909090909
2504,00000353,3,0.5,0.90909090909
2505,00000394,3,0.75,0.71428571428
2506,00000310,3,0.1,0.83333333333
2507,000002F0,3,0.05,0.71428571428
2508,0000093A,8,0.1,0.95238095238
2509,00000185,2,0.025,0.83333333333
2510,000004E1,4,1.0,0.95238095238
2511,0000048D,4,0.5,0.95238095238
2512,00000915,8,0.05,0.95238095238
2513,00000273,2,1.0,0.83333333333
2514,00000446,4,0.1,0.90909090909
2515,00000308,3,0.1,0.90909090909
2516,0000007C,1,0.1,0.95238095238
2517,0000068B,6,0.025,0.71428571428
2518,00000395,3,0.75,0.71428571428
2519,0000032E,3,0.25,0.90909090909
2520,00000784,7,0.01,0.95238095238
2521,000002B3,3,0.025,0.90909090909
2522,00000026,1,0.01,0.71428571428
2523,00000876,7,0.75,0.95238095238
2524,000007C7,7,0.025,0.71428571428
2525,000009B4,8,0.75,0.95238095238
2526,00000932,8,0.05,0.71428571428
2527,00000052,1,0.05,0.95238095238
2528,000007B8,7,0.025,0.90909090909
2529,00000077,1,0.05,0.71428571428
2530,00000135,1,1.0,0.83333333333
2531,0000071B,6,0.5,0.90909090909
2532,000005FF,5,0.75,0.90909090909
2533,0000009E,1,0.1,0.71428571428
2534,00000303,3,0.1,0.90909090909
2535,00000693,6,0.05,0.95238095238
2536,000000C4,1,0.25,0.71428571428
2537,000006C0,6,0.1,0.95238095238
2538,000003A4,3,1.0,0.90909090909
2539,0000048A,4,0.5,0.95238095238
2540,00000163,2,0.01,0.71428571428
2541,00000708,6,0.5,0.95238095238
2542,00000092,1,0.1,0.83333333333
2543,00000351,3,0.5,0.95238095238
2544,00000011,1,0.01,0.90909090909
2545,00000473,4,0.25,0.90909090909
2546,0000082F,7,0.25,0.90909090909
2547,00000898,7,1.0,0.95238095238
2548,0000017D,2,0.025,0.83333333333
2549,000004BC,4,0.75,0.90909090909
2550,000000B7,1,0.25,0.83333333333
2551,00000467,4,0.25,0.95238095238
2552,000003E0,4,0.01,0.71428571428
2553,00000817,7,0.1,0.71428571428
2554,0000050B,5,0.01,0.90909090909
2555,000003C7,4,0.01,0.95238095238
2556,00000759,6,1.0,0.95238095238
2557,000008F4,8,0.025,0.90909090909
2558,000008FD,8,0.025,0.83333333333
2559,00000996,8,0.5,0.90909090909
